#{"t_start": 1769369290.6906557, "env_id": "CustomAnt-source-v5"}
r,l,t
-24.012959,21,0.033819
-607.167693,736,1.062493
0.132892,11,1.077894
-24.533098,34,1.125099
-30.784501,32,1.169602
-48.141277,48,1.236909
-28.319181,50,1.306893
-161.344063,93,1.436265
-173.188348,156,1.652546
-7.941798,21,1.68199
-20.0158,23,1.714435
-1143.522314,1000,3.93423
-39.504199,45,3.997302
-98.1479,66,4.0894
-22.643555,32,4.133891
-65.383632,23,4.166182
-24.679068,13,4.184496
-74.04283,43,4.244588
-33.203397,33,4.29052
-101.568486,70,4.388108
-27.436129,52,4.460987
-32.282818,31,4.504341
-31.926411,26,4.540507
-11.185873,23,4.572606
-15.492271,18,4.597914
-221.725256,193,4.867597
-57.899796,60,4.951304
-58.760647,53,5.024963
-56.586438,59,5.107205
-1009.71175,1000,6.510597
-7.660999,82,7.442991
-70.848494,74,7.547411
-102.621968,81,7.659998
-52.873302,60,7.743749
-42.590031,32,7.788433
-34.36868,21,7.817708
-19.196101,16,7.84017
-140.268891,129,8.019762
-74.503955,85,8.138479
-225.027755,98,8.275303
-46.308311,44,8.336569
-42.643198,27,8.375189
-13.389855,24,8.408863
-82.662548,78,8.517853
-73.581525,57,8.597335
-48.301358,38,8.650478
-10.019397,11,8.665762
3.523123,16,8.688203
-97.473483,57,8.76772
-44.493288,38,8.82068
-16.165406,48,8.887461
-16.983205,13,8.905704
-62.009422,47,8.971167
-1040.795317,1000,11.211188
-12.249599,12,11.22833
-10.952891,21,11.257955
-9.091045,33,11.304033
-21.846601,17,11.327896
-127.652582,149,11.534842
-220.981785,233,11.858627
-66.661297,112,12.014913
-22.824909,19,12.041631
-103.113925,90,12.16759
-50.247577,44,12.229046
-29.293129,20,12.257014
-19.683553,27,12.294752
-17.823925,15,12.315693
-1018.298564,1000,13.720832
-8.847483,57,13.800457
-65.996606,102,13.942523
-61.301398,68,14.841707
-63.192146,61,14.92689
-14.318267,48,14.99385
-35.322337,31,15.037408
-3.700251,10,15.051761
-9.483123,8,15.063126
-61.325809,52,15.135781
-8.34334,9,15.148561
-29.088535,23,15.181054
-22.912097,20,15.209218
-24.755059,14,15.229143
-16.638783,17,15.252882
-62.590145,39,15.307168
-947.755968,1000,16.714475
-47.999097,42,16.773237
-61.262811,98,16.910111
-63.958098,38,16.963358
-136.295199,102,17.105743
-33.490482,40,17.162279
-161.712791,127,17.339464
-78.019996,45,17.402069
-37.320165,30,17.443884
-31.156338,18,17.469222
-34.624587,24,17.503023
-14.636091,15,17.524106
-32.540943,26,17.560456
-151.543993,163,18.606454
-59.787016,71,18.705833
-21.471866,24,18.739762
-16.383353,22,18.770679
-31.273207,24,18.804074
-40.68328,90,18.929777
-22.548935,16,18.952202
-86.441027,55,19.02899
-16.875485,28,19.068303
-12.544074,15,19.089731
-65.058287,73,19.191223
-93.941355,54,19.266397
-90.612323,71,19.364991
-58.932445,47,19.43057
-35.17468,28,19.469852
-52.410299,143,19.668835
-57.546492,49,19.73735
-29.071616,26,19.773739
-93.003053,66,19.865486
-3.701994,30,19.908391
-58.825843,55,19.985169
-42.860012,111,20.141284
-163.252453,134,20.327733
-12.865809,10,20.341973
-12.38927,26,20.378479
-20.545154,29,20.418973
-150.40106,83,20.53443
-20.453718,28,20.573487
-23.145996,38,20.626337
-27.868601,21,20.655592
-69.703433,84,20.772833
-197.29477,171,21.011708
-103.497472,165,21.242451
-27.671157,23,21.27475
-53.187702,60,22.187328
-12.567294,27,22.225435
-63.643691,54,22.301216
-19.293935,38,22.35414
-19.355038,35,22.403512
-106.671194,72,22.50397
-18.692233,25,22.540298
-44.730483,28,22.580262
-90.341638,51,22.652156
-49.929828,52,22.725053
-16.486411,24,22.759352
-11.635238,13,22.777862
-34.783529,26,22.814438
-53.54188,99,22.953467
-41.312206,59,23.035586
-28.117292,39,23.090416
-26.036303,68,23.185729
-66.437189,46,23.250945
-47.363883,156,23.472028
-7.768696,10,23.486102
-52.16054,80,23.597607
-58.123176,27,23.635314
-66.053923,60,23.719104
-1.91113,32,23.76429
-17.901082,25,23.799262
-83.896204,68,23.894331
-53.728241,59,23.976695
-8.515501,11,23.992257
5.122743,61,24.077543
-28.913512,16,24.100074
-63.675835,88,24.224849
-67.968963,53,24.299628
-7.270857,13,24.318029
-86.728282,69,24.414131
-104.466198,80,24.526058
-47.794513,55,24.602838
-46.547842,31,24.646286
-33.456833,47,24.711984
-41.363818,25,24.746927
-41.029494,62,24.833554
-68.417143,44,24.895163
-182.418766,183,25.96082
-37.450759,30,26.002772
-23.61362,14,26.022792
-27.417191,48,26.08972
-63.190897,62,26.176013
-44.001602,43,26.236744
-10.138873,12,26.25379
-24.77335,34,26.301314
-22.04355,16,26.323705
-102.36508,112,26.479449
-7.999305,41,26.536523
-19.845721,46,26.600688
-25.850034,26,26.636926
-90.022466,75,26.741444
-12.14648,15,26.762524
-1047.914907,1000,28.166597
-26.264445,24,28.200487
-15.084838,20,28.22922
-17.596577,30,28.271011
-15.549296,53,28.345232
-22.037048,26,28.381804
-11.933764,41,28.438941
-227.280664,153,28.652027
-11.738486,15,28.673146
-15.355594,25,29.522658
-34.713073,54,29.597868
-53.12418,38,29.650798
-80.658664,62,29.737381
-59.837251,63,29.825347
-73.936868,53,29.899312
-27.470108,16,29.921712
-28.554813,25,29.956769
-5.106186,12,29.973684
-76.023524,91,30.100536
-47.052289,28,30.139663
-67.055958,59,30.222753
-34.602754,45,30.285983
-87.588509,54,30.361322
-984.477888,1000,31.764684
-39.869638,25,31.799834
-38.828422,60,31.883321
-94.676308,74,31.986895
-13.101426,74,32.090009
-21.750146,62,32.176581
-51.143104,51,32.247886
-47.011242,48,32.315149
-120.569579,77,33.230987
-16.39717,109,33.384074
-18.753818,35,33.432879
-58.575602,99,33.570796
-37.114421,52,33.643375
-37.870294,27,33.681139
-85.902337,54,33.756879
-30.285578,17,33.780979
-23.646973,27,33.818838
-40.196144,38,33.8718
-22.704258,68,33.967702
-37.044823,33,34.014191
-85.557288,76,34.120132
-23.255513,66,34.211862
-60.766396,49,34.280413
-8.527293,13,34.298708
-23.056675,44,34.360168
-55.412344,38,34.413446
-33.166886,39,34.467877
-70.014428,73,34.569816
-22.310445,35,34.618873
-31.275852,23,34.651174
-134.030072,138,34.843873
-68.47216,58,34.924905
-38.464509,29,34.965419
-17.153339,18,34.990837
-30.108132,24,35.024513
-22.246558,24,35.058201
-51.238736,53,35.132183
-26.590024,36,35.182524
-37.397185,36,35.233453
-9.196291,24,35.267464
-118.59875,174,35.510453
-169.818317,116,35.671648
-28.214692,33,35.718143
-36.137649,42,35.776919
-7.757074,26,35.813466
-17.84145,21,35.842889
-18.883767,18,35.868079
-72.14223,30,35.910142
-931.20287,1000,38.132457
-27.205749,33,38.178766
-935.126806,982,39.561193
-37.063442,45,39.624268
-26.680829,47,39.689997
-97.989499,64,40.605078
-28.165531,29,40.645848
-29.750902,17,40.669805
-71.499973,75,40.774935
-20.818043,13,40.793363
-14.06212,13,40.811621
-20.409878,24,40.845263
-13.567349,44,40.90663
-17.800086,22,40.937605
-942.766187,1000,42.349247
-907.38128,1000,44.577528
-21.338074,25,44.612778
-62.936921,69,44.708895
-210.619446,213,45.007461
-75.089905,59,45.090073
-152.795947,139,45.284701
-170.724605,192,45.555085
-32.018244,53,45.629332
-11.727193,8,45.640915
-11.437298,19,45.667767
-44.665229,43,45.728437
-21.404687,21,45.758199
-23.729192,26,45.794777
-106.764786,82,45.909086
-21.277542,15,45.93053
-8.839381,52,46.003293
-48.869776,37,46.055343
-15.024429,13,46.073721
-8.773745,21,46.103172
-18.348165,16,46.125875
-36.696205,32,46.17084
-42.272832,63,46.258906
-14.000076,13,46.277381
-35.132611,25,46.312497
-898.406154,1000,48.534593
-23.895992,91,48.662189
-60.706618,73,48.764254
-10.661559,16,48.787163
-39.688458,29,48.827912
-103.731969,106,48.976127
12.313978,61,49.061698
-8.571774,32,49.106716
-65.391031,192,49.377876
-25.216271,17,49.401691
-965.035341,1000,50.804526
-26.228303,34,51.682256
-34.506123,71,51.781296
-48.088092,45,51.844182
-11.749999,27,51.881642
-31.312794,30,51.923478
3.646903,31,51.966829
-85.098311,137,52.158266
-66.181852,48,52.225388
-6.553995,24,52.259138
-16.621153,20,52.287503
-10.728859,11,52.303115
-15.032457,14,52.322885
-10.356431,12,52.339881
-39.158869,30,52.381765
-0.913524,14,52.401489
-74.901437,65,52.491613
-16.400943,40,52.547911
-900.044433,1000,53.953577
-16.897642,45,54.016628
-43.298263,39,54.07135
-48.843392,25,54.106358
-968.752008,1000,56.323869
-32.88833,15,56.345658
-940.832914,1000,57.751602
-8.604896,43,57.811772
-7.493834,33,57.857846
-130.278279,90,57.98286
-403.571147,472,59.463496
-34.364425,51,59.53459
-17.368742,24,59.568342
-249.632868,210,59.860263
-14.51057,23,59.892537
-38.786711,35,59.941252
-22.145662,12,59.958159
-79.13784,62,60.044752
-58.709928,76,60.150546
-32.655338,66,60.242388
-82.391179,68,60.337119
-52.243406,63,60.42547
-5.648075,28,60.4646
-196.243812,192,60.731507
-28.666201,67,60.824852
-52.733923,66,60.916897
-46.593691,62,61.003274
-121.237865,80,61.114431
-68.359927,61,61.199291
-0.14134,34,61.24653
-84.818652,48,61.313476
-17.073669,37,61.365389
-48.21971,23,61.397563
-95.253007,86,61.517383
-0.417423,32,61.562031
-8.791687,16,61.584504
-20.876228,37,61.636226
-3.646608,36,61.686463
-7.427275,54,61.761711
-21.057353,23,61.793932
-116.130682,93,62.748937
-889.844371,1000,64.155258
-9.059491,15,64.176504
-3.486878,13,64.194785
-17.42965,23,64.227288
-0.304504,17,64.251199
-50.367581,25,64.286085
-44.676638,34,64.333601
-25.320605,23,64.365934
-23.788102,20,64.394135
-26.805766,37,64.446156
-40.778173,29,64.486604
-48.669028,32,64.531433
-91.892513,76,64.637496
-100.081747,75,64.741807
-856.411821,1000,66.951065
-27.688423,46,67.016081
-26.398047,51,67.087799
-35.30308,43,67.147806
-616.195963,696,68.125628
-60.539734,40,68.181368
-1.936243,72,68.281531
-18.815382,18,68.306744
-68.291818,98,68.444278
-15.038417,32,68.489376
-34.390209,28,68.528793
-15.051284,10,68.542938
-23.332605,56,68.621167
-22.748274,43,68.681157
-201.434207,177,68.927061
-129.555592,126,69.102511
-869.549217,1000,71.335636
18.400436,36,71.386229
-656.632778,785,72.494555
-151.533709,104,72.640069
-851.991636,1000,74.878078
-6.386067,23,74.910296
-31.94728,28,74.949442
-29.834795,25,74.984437
-95.219164,66,75.076639
-110.408074,72,75.17723
-58.339579,39,75.23232
-42.977665,117,75.396481
-8.556999,19,75.423064
-88.18203,130,75.603885
-19.817467,23,75.637556
-22.815758,23,75.671322
-37.271327,23,75.704047
-15.125144,21,75.733526
-40.884433,33,75.779515
-9.202131,36,75.830191
-32.25215,93,75.959432
-11.853781,66,76.051423
-17.656978,18,76.076697
-53.590022,64,76.16624
-2.790265,23,76.198529
-19.85312,16,76.221033
-25.072934,55,76.297882
-95.001394,111,76.452429
-79.247159,98,76.588663
-42.00052,48,76.656246
-6.824322,11,76.671804
-531.459901,515,78.223539
-110.810045,74,78.326976
-13.191087,20,78.355568
-71.626588,84,78.472852
-18.026588,30,78.514793
-75.926909,91,78.64168
-14.288041,14,78.661608
-47.195241,23,78.693927
-10.208975,37,78.745658
-5.378989,14,78.765371
-84.498986,123,78.937134
8.438758,57,79.016664
-62.743823,68,79.112083
-854.014046,1000,81.348112
-14.215104,13,81.366713
-54.249433,59,81.449257
-186.525327,94,81.580418
-124.109794,168,81.814718
-10.119458,20,81.842749
-33.774196,76,81.949014
-61.877901,71,82.048184
-4.660479,27,82.086807
-84.632802,133,82.273074
2.287577,19,82.299935
-68.022203,38,82.353014
-37.590633,70,82.450206
-39.993685,48,82.518073
-19.658784,29,82.558773
-94.321105,74,82.66229
-8.869954,45,82.725547
-34.158275,34,82.773376
-20.853472,30,82.815346
-760.862071,1000,85.035126
-37.279388,29,85.075999
-49.850907,59,85.158789
-4.85432,20,85.18716
-882.704244,1000,86.590348
-15.882719,28,86.629702
-8.987176,15,86.650818
-153.255942,107,86.799839
-30.613363,43,86.860341
-30.03638,59,86.942788
-60.53037,42,87.002069
-35.520859,28,87.041302
-35.809862,31,87.084719
-3.044841,25,87.119895
-33.945801,24,87.153363
-105.724924,81,87.266566
-12.20432,27,87.304653
-13.412463,19,87.331277
-51.561487,87,87.45437
-24.353227,49,87.522657
-24.112929,30,87.564963
-14.648532,24,87.599323
-27.594248,18,87.624673
-2.853723,37,87.676738
-74.629567,88,88.630725
-17.486801,73,88.732625
-40.345161,49,88.801151
-11.693344,38,88.854222
8.878535,28,88.89362
1.159723,34,88.941559
-14.64665,18,88.966779
-28.716229,41,89.024005
-31.184412,48,89.09135
-0.969097,14,89.111179
-24.571108,42,89.169993
-36.53251,66,89.262662
-21.015993,24,89.296523
-23.963751,13,89.314847
1.60473,26,89.351322
7.094473,28,89.390668
-1.195357,12,89.407734
-103.204638,80,89.519535
-32.870274,26,89.556123
-848.622244,1000,90.962311
5.038054,27,91.000177
-77.244352,83,91.116754
-10.67079,21,91.146026
-17.176074,14,91.165614
-53.817058,31,91.209167
-12.260693,60,91.293163
-11.08298,15,91.314369
-24.703239,43,91.375759
-13.21278,18,91.401136
-30.288302,23,91.433457
-77.437323,48,92.31334
-46.716961,34,92.361355
-266.748708,208,92.653837
-16.032901,13,92.6721
33.457175,38,92.72525
-8.91503,11,92.740812
-802.875465,1000,94.147357
-99.325238,63,94.23499
-1.019547,22,94.265744
-29.900256,101,94.406776
-102.046826,109,94.558928
-4.728902,21,94.588226
-93.315909,118,94.753778
-131.241703,111,94.908517
-43.372845,122,95.078311
-27.262816,39,95.13271
-109.632659,92,96.087172
-23.167268,31,96.1308
-51.561161,54,96.206341
-48.986402,144,96.407599
-13.108797,126,96.583012
-35.533238,62,96.669658
-42.110821,31,96.713376
-32.289636,25,96.748277
-158.046137,180,96.998493
-48.500546,50,97.068902
-47.442128,58,97.150865
-48.970309,71,97.249968
-68.148659,66,97.343489
-207.047135,195,97.615758
-46.923465,61,97.701255
-762.806473,1000,99.935904
-94.415178,70,100.033657
-19.931028,36,100.084166
-15.857123,14,100.103991
-221.443332,230,100.424416
-6.79538,49,100.493099
-54.493228,107,100.642871
-10.089021,49,100.711047
2.053992,15,100.732085
-68.013096,88,100.855471
-17.995312,20,100.883572
-14.646065,17,100.907312
-34.018635,42,100.965781
-25.042251,48,101.032667
-37.937884,19,101.059414
10.607916,19,101.086102
-92.615784,84,101.205122
-53.127582,36,101.255516
-144.038591,86,101.375427
-42.587728,45,101.438291
-19.635427,45,101.501122
-60.338394,61,101.586616
-29.748851,44,101.648792
-50.51533,65,101.73988
-21.853177,12,101.756913
-17.24198,31,101.800374
13.81606,58,101.882123
-22.083951,25,101.917268
-115.655223,108,102.068735
-96.303141,139,102.262655
-45.064914,67,102.356412
-18.719058,31,102.399845
-63.416961,55,102.476614
-113.726459,98,103.431822
-795.421116,1000,104.839592
-9.604163,22,104.870492
-9.27549,78,104.980292
-58.803154,70,105.079911
-0.16545,104,105.224531
-10.41776,45,105.287918
-28.77525,122,105.458934
-41.626449,34,105.506447
-14.15376,37,105.558383
-27.650281,67,105.652368
-59.01504,105,105.798946
-75.126555,89,105.923015
-82.700195,46,105.987179
-46.398513,74,106.090555
-66.523737,84,106.208063
-4.643886,59,107.100532
-193.239901,158,107.321376
-10.69325,44,107.382759
2.806308,43,107.44261
-766.782479,1000,108.849381
-9.247888,46,108.913668
-11.292352,27,108.951579
-33.478038,18,108.976736
-62.712633,67,109.070422
-20.304721,22,109.101244
-26.669072,64,109.190567
-32.529312,21,109.220256
-40.718723,102,109.363131
-685.851652,1000,111.58988
-41.294465,96,111.724729
-37.152039,39,111.779807
-11.94848,39,111.834674
-83.590492,100,111.97461
-25.14059,19,112.001255
-37.762385,98,112.138461
-6.744612,32,112.182986
-31.410269,36,112.233593
-18.139064,16,112.25652
-56.854378,106,112.404452
-20.990359,31,112.448006
-48.737566,53,112.522192
-12.830356,30,112.564384
-1.399123,29,112.604908
-5.646653,15,112.625992
-38.281848,52,112.69925
-30.167924,43,112.759414
-9.455149,10,112.774131
-94.256632,131,112.957209
-17.910028,32,113.002105
-17.86598,50,113.072387
15.575193,30,113.114263
-20.303234,22,113.145083
-43.512405,41,113.20236
2.443054,9,113.215055
-19.302369,48,113.28228
-26.753304,22,113.313288
-693.181017,1000,115.531721
-31.0781,36,115.582556
2.631565,44,115.644991
-39.741239,32,115.689552
-44.146169,30,115.73137
-106.550453,61,115.816348
-90.345813,69,115.912164
-89.409323,74,116.014909
-14.14716,14,116.03444
41.074252,36,116.084605
-20.856874,20,116.11279
-14.153462,47,116.178262
-18.413106,22,116.208974
-47.776381,47,116.274738
-27.027189,30,116.316767
-65.573088,67,116.410154
-11.586473,47,116.47553
-71.192977,75,116.579671
-21.821883,21,116.60933
9.22309,40,116.665205
-20.588976,22,116.697815
-73.686512,81,116.811246
-9.975373,32,116.855987
-6.185171,39,116.910243
-5.311626,21,116.93957
-28.938946,41,116.996756
-31.501992,39,117.051119
-685.878276,1000,119.262788
-5.055061,39,119.317696
1.615314,17,119.341621
-20.632652,28,119.380821
6.672472,43,119.440832
-12.16077,15,119.462348
-10.066583,37,119.514261
-21.462508,14,119.53402
-21.138607,20,119.562162
-3.128101,31,119.605678
-79.18592,104,119.7517
-35.284442,66,119.845668
4.244307,22,119.876639
-41.698523,67,119.969877
-18.521824,20,119.997914
-110.877701,141,120.193863
-53.795548,42,120.252643
-28.068168,27,120.290519
-33.97743,73,120.392982
-20.885455,12,120.41014
-78.351965,47,120.475657
-8.482049,15,120.496726
-32.023749,29,120.537322
-17.743548,50,120.607628
-18.310072,40,120.663553
-99.603792,109,120.815679
-6.56029,16,120.838224
-61.159836,80,120.949909
-14.748211,13,120.968233
-12.417581,9,120.980959
-31.79874,53,121.860667
-5.135282,15,121.881805
-20.290262,27,121.919811
-22.473732,42,121.978371
-105.008501,137,122.169325
-126.660291,80,122.281624
-11.244035,50,122.351391
-23.612936,29,122.391998
-90.968865,105,122.538528
-22.427671,24,122.572333
-18.019837,36,122.622852
1.914785,63,122.71209
-9.62767,47,122.77802
-48.723697,39,122.832944
-28.970706,31,122.876592
-16.672543,34,122.92405
-33.460161,53,122.998089
-11.087967,35,123.047122
-19.435663,75,123.15218
-53.2774,53,123.226175
-51.247607,85,123.345033
-47.461252,43,123.405785
-64.765797,67,123.500016
-685.233665,1000,125.75216
-54.336119,90,125.878987
1.314752,27,125.916702
-140.87559,172,126.156612
-43.08728,49,126.225067
-71.791164,92,126.35414
-93.325248,148,126.561115
-32.640313,60,126.645088
-33.162457,59,126.728207
-97.75091,105,126.875751
-23.056491,23,126.907872
-18.077133,24,126.941534
21.384353,42,127.000167
-68.840977,64,127.090191
-6.293137,21,127.119765
-35.968722,58,127.200421
-636.906656,944,129.338243
-26.56502,29,129.378882
-0.737299,62,129.467613
-30.386552,36,129.518045
-25.69041,28,129.557273
-3.550009,14,129.576971
-62.50558,49,129.645617
-18.848017,12,129.662545
-26.016272,65,129.753726
-15.883772,29,129.794447
-107.727465,189,130.057946
-87.880826,140,130.253145
-685.617183,1000,131.662292
-91.721239,44,131.72451
-32.106541,35,131.773394
-8.036767,59,131.857841
-21.986952,41,131.915075
-24.984415,69,132.011205
11.292405,67,132.91046
-36.68252,38,132.964188
-5.497195,12,132.981185
-18.138868,10,132.995331
-291.261062,424,133.59246
-7.237743,23,133.624725
-52.045278,73,133.726824
-34.059142,33,133.773304
-34.64256,22,133.804179
-13.726222,17,133.828555
-1.707444,21,133.85789
16.35878,74,133.96117
-15.102198,19,133.987815
-61.099442,50,134.057763
-37.523754,37,134.109921
-471.509586,678,135.063173
-12.905784,26,135.099794
-25.813969,43,135.159738
-84.792436,126,135.335342
-53.856464,69,135.432135
-73.53208,45,135.495112
-128.294792,111,135.651722
-45.780046,124,136.65437
-14.147081,37,136.706972
-36.53034,41,136.764045
-25.548991,131,136.947938
-16.492929,84,137.064995
-84.429824,74,137.169694
-45.394251,84,137.287112
-28.140753,116,137.448819
-43.464877,111,137.604094
-4.443214,45,137.667366
-70.864268,89,137.791982
-14.81017,25,137.827725
-39.357357,52,137.900741
-561.410247,823,139.060693
-38.527285,29,139.101421
-101.924937,113,139.259343
-7.437598,18,139.284638
5.809382,15,139.305942
-55.74624,58,139.386744
-20.326438,14,139.40658
-4.648386,37,139.458379
3.267921,24,139.492002
-63.828419,123,140.472018
-21.892738,34,140.519818
-33.790579,120,140.687909
-35.257051,127,140.865999
14.818199,39,140.920718
21.142626,39,140.975233
-104.74658,102,141.117331
-85.720439,103,141.261551
10.574309,30,141.303922
4.84329,36,141.354272
-30.573805,40,141.410432
-80.051851,59,141.492821
-4.592472,13,141.511197
-29.696401,40,141.567209
-53.044615,99,141.705745
-32.474859,55,141.782582
-26.615655,34,141.830045
0.550341,41,141.887907
-25.921476,13,141.906237
-40.429459,36,141.956447
-19.86958,31,141.999866
-5.553779,16,142.022297
-15.938136,21,142.051808
11.614003,49,142.120499
-34.965195,41,142.177695
-7.4208,34,142.225565
-30.966225,25,142.260606
1.904089,14,142.28017
-10.240968,19,142.307027
-129.734407,121,142.475646
-98.359965,96,142.609657
-126.467882,177,142.857135
-13.187773,46,142.921687
-36.701878,85,143.039862
-42.50401,53,143.113999
-12.699422,29,143.154583
-21.891852,29,144.025923
-17.954587,24,144.059833
-11.019806,16,144.082465
-14.729474,23,144.11489
5.468101,44,144.176344
-101.769746,99,144.315466
-36.657397,35,144.364441
-5.950521,13,144.382789
-25.268304,192,144.650687
-9.373216,16,144.673174
-48.387005,71,144.772269
-27.641434,26,144.808919
-53.658834,65,144.900491
-97.156071,174,145.143188
3.497479,21,145.17276
-45.390365,64,145.26262
-35.838274,17,145.286574
-36.166086,39,145.34161
6.418921,50,145.412091
-18.504442,218,145.716707
-44.883886,85,145.835147
3.301872,26,145.872092
-17.851895,30,145.914159
-14.256809,35,145.962904
-11.016299,18,145.988226
-16.952319,14,146.007825
-52.928113,33,146.05408
-54.21941,60,146.138004
-21.64992,33,146.183876
-13.291237,14,146.203596
-10.204287,16,146.22612
-17.253709,29,146.26698
-16.502685,29,146.307795
-75.369645,71,146.406962
-23.439814,52,146.478979
4.197082,15,146.500186
-25.414053,32,146.544918
-57.337437,66,146.636738
-7.347816,30,146.678869
0.422299,20,146.707651
-11.540964,30,146.7495
-47.880973,113,147.717208
-8.762017,34,147.764787
-40.622799,88,147.888346
-12.673392,71,147.98705
-16.122451,22,148.017781
-42.480259,41,148.074864
-101.274683,185,148.333212
-6.34989,23,148.365522
-37.279817,24,148.399989
-14.093656,34,148.448545
-19.357119,13,148.466878
-13.513577,12,148.483704
-76.51646,110,148.636904
-61.577364,77,148.744223
-70.506696,100,148.884056
-127.463703,110,149.037769
-22.295464,35,149.086753
-635.12439,1000,150.495377
-37.066767,28,150.534684
-166.90503,130,151.523445
-25.411676,66,151.615388
-19.900058,56,151.694324
-5.776815,45,151.757318
-39.962793,74,151.861183
-7.343482,24,151.894872
-44.787747,159,152.116976
-1.114984,24,152.150818
-28.007362,38,152.20394
-91.19984,58,152.28496
-27.048561,38,152.338371
-16.765218,16,152.360893
-27.056351,53,152.435074
-742.54149,1000,153.84849
-6.774834,16,153.871429
-30.614408,67,153.964887
-20.428758,15,153.986067
9.843309,43,154.045981
-21.894739,31,154.08921
-10.150454,19,154.116049
-11.827542,44,154.177451
-85.316008,116,155.163477
-14.166924,30,155.205643
-23.374205,40,155.261795
-34.738792,46,155.326195
-20.09351,69,155.423097
-29.219247,58,155.504118
-46.408999,29,155.544878
-3.602758,13,155.563328
-19.553364,19,155.590096
-46.314986,59,155.672878
-680.453491,920,156.967551
-9.014068,25,157.002489
-15.173406,72,157.102713
1.638564,19,157.130183
-60.049842,122,157.30135
-8.105809,35,157.352225
-137.285984,154,157.567649
-11.005414,17,157.591534
-120.957523,131,157.775372
-13.724988,20,157.803419
8.347412,34,157.851057
-20.235307,26,157.888052
-9.439284,16,157.910535
-59.044212,49,158.803475
-655.794889,1000,160.213213
-14.109631,16,160.23594
1.156273,23,160.268232
-20.894764,36,160.318277
-10.597703,57,160.397926
-27.187688,22,160.428895
-25.659098,89,160.553143
-5.554258,41,160.610157
-6.314829,47,160.676219
-16.433789,22,160.706895
-13.656486,66,160.798722
-16.209964,57,160.878721
-11.806215,12,160.895732
-24.674362,89,161.020025
-10.657391,99,161.158875
-25.851382,19,161.185425
-43.604798,50,161.255256
-22.350971,35,161.304388
-127.924777,154,161.519271
-5.759309,28,161.558743
-24.289074,67,162.473015
-14.553699,44,162.535074
-3.586486,19,162.561922
-115.431611,102,162.705171
10.329544,40,162.761328
-54.388472,40,162.817176
-24.178138,33,162.863245
-3.807448,33,162.909981
-61.221892,49,162.978554
-20.764152,13,162.996909
-80.20022,116,163.159116
-45.254209,50,163.228779
-41.833626,39,163.283254
-44.309903,38,163.33643
-11.88162,29,163.377173
16.085694,23,163.410053
7.828036,18,163.435898
-9.037997,35,163.484797
-38.47159,68,163.580104
-15.408881,13,163.598317
-21.168428,46,163.663086
-23.438622,58,163.743908
-42.387141,57,163.823907
-13.89626,15,163.844918
7.466841,15,163.866135
-53.558438,51,163.937682
-31.668423,42,163.996151
-14.199601,13,164.014406
-30.073993,38,164.067493
-80.218402,98,164.204162
-10.055753,12,164.221028
-2.525166,15,164.242172
-21.468122,50,164.312122
-12.461705,63,164.40026
-6.572428,34,164.447714
-10.88511,61,164.532489
-60.568015,90,164.658391
-24.612652,90,164.784053
-27.115224,24,164.817936
-18.386653,16,164.840472
-2.040965,39,164.895878
-11.801052,93,165.025546
10.439327,73,165.127321
6.41516,53,165.201721
-5.142391,14,165.22175
-14.427807,20,165.249807
-7.891552,14,165.269679
-53.115224,53,166.182416
2.74671,60,166.266869
-48.246419,57,166.34657
-11.773454,36,166.396902
-113.705992,219,166.702121
-10.018201,26,166.738637
-21.69393,31,166.781989
-5.345407,16,166.804494
-90.544145,109,166.956949
-36.483184,66,167.048726
-37.303568,41,167.106062
-2.090466,31,167.149627
-22.571061,60,167.2334
-71.578761,62,167.319965
-14.666044,23,167.352343
-32.000595,66,167.444392
-10.036997,42,167.503159
-15.50945,15,167.524273
-19.021275,24,167.558173
-636.155098,1000,168.966913
-56.397381,112,169.929732
-10.714449,24,169.963621
-12.338033,58,170.04472
-6.497678,43,170.104927
-7.552538,21,170.134406
-35.353156,36,170.184912
-9.379512,21,170.214328
-11.873028,26,170.251255
-5.116589,12,170.268281
-18.515059,38,170.321392
-23.983574,20,170.349628
1.014992,20,170.377697
-65.988876,71,170.477114
-30.785147,69,170.57375
-11.291827,15,170.59483
0.514366,17,170.618865
-50.665187,83,170.734885
-8.887427,11,170.750575
-34.540558,30,170.793005
-12.575194,25,170.82813
-24.725066,71,170.928757
-41.299336,52,171.001951
41.412409,89,171.125726
-30.289887,81,171.238503
2.450308,16,171.261094
-9.568755,14,171.280836
-23.990637,70,171.378908
-30.855875,105,171.525274
-12.038448,14,171.544983
-22.946214,41,171.602271
-11.231839,33,171.648669
-21.869275,91,171.775926
10.121476,13,171.794272
-53.311397,60,171.878009
-65.954919,75,171.982517
-53.435701,43,172.042691
-25.45824,38,172.095956
-20.018672,17,172.120144
7.093357,66,172.212688
-19.8931,53,172.286708
-31.644848,40,172.343066
-41.237113,56,172.421508
-7.49309,34,172.469146
-11.256541,15,172.490117
5.351306,39,172.545581
-15.194179,19,172.572348
-418.798713,605,174.226709
-40.455246,170,174.463998
-36.595318,40,174.519645
-2.08589,17,174.543426
-18.79263,124,174.715783
-43.882197,92,174.843771
-1.588271,21,174.873222
-9.287512,25,174.908214
0.088427,45,174.970943
-78.123374,123,175.142019
0.497122,22,175.172992
-47.164368,55,175.249887
-44.405348,213,175.547069
0.021958,127,175.723953
-99.586097,111,175.878814
9.312051,92,176.006691
-6.569291,11,176.022223
-52.986367,113,176.179681
-29.411145,23,176.211797
-5.168629,15,176.2331
-52.324303,52,176.306097
-74.313913,67,177.206886
29.516639,56,177.285963
17.958417,13,177.304465
-13.29926,22,177.335296
-9.07173,25,177.370322
-0.405597,30,177.412286
-623.403526,1000,178.81743
-19.275757,23,178.849921
-13.149263,14,178.869643
-10.899887,38,178.922742
-20.26718,32,178.967592
-473.661387,761,180.037129
-40.708369,36,180.893487
-8.727041,13,180.911902
-26.622342,27,180.949829
-27.257638,16,180.972438
-10.236339,13,180.990666
-12.443793,47,181.05641
6.044389,55,181.133419
-4.099879,53,181.207286
-83.968191,72,181.307966
-27.797628,53,181.382326
-6.876624,24,181.416062
2.488104,15,181.437156
-49.218984,40,181.49314
-3.447292,23,181.525285
-33.800436,28,181.564501
-9.147495,12,181.581387
-518.929012,1000,182.986192
-140.495224,268,183.358624
-6.811289,52,183.43147
-11.954845,40,183.487427
-2.689428,29,183.527848
-11.617372,13,183.546241
-22.22104,40,183.602169
-5.983084,24,183.63576
-29.722204,40,183.691623
-10.419744,62,184.582248
-18.855203,97,184.717448
-37.42247,45,184.779949
8.849328,61,184.864816
27.451281,40,184.920545
6.072247,69,185.016931
-61.604593,91,185.143615
-3.862159,17,185.167587
21.055583,45,185.2306
-32.601022,28,185.270142
-46.310448,100,185.409137
-53.505646,109,185.561466
-38.826809,43,185.621554
-7.3578,17,185.645411
-19.458056,24,185.678956
-62.453493,39,185.733485
23.460592,29,185.774056
-25.45897,77,185.881326
-0.377645,15,185.902483
-31.751899,59,185.985005
-25.231499,59,186.067208
-4.450173,10,186.081386
-559.372431,1000,188.291897
-12.167599,49,188.360596
-390.132397,757,189.423174
-34.261388,58,189.504374
-36.823128,49,189.572895
-18.923671,21,189.602295
-91.577405,83,189.718345
-26.299384,23,189.750446
-16.374959,38,189.803665
-49.670294,61,189.888562
-31.579742,21,189.917944
-11.15344,9,189.930654
-26.657933,22,189.961358
5.126933,13,189.979594
-9.559395,22,190.01054
6.857281,27,190.04819
-35.81951,65,190.139355
-9.577594,30,190.181201
-562.870677,1000,192.392282
-110.403557,101,192.533032
-19.533426,37,192.5852
-35.916908,45,192.647645
-8.840782,15,192.668685
-26.890093,26,192.705435
11.262658,94,192.836142
17.030484,20,192.864182
-28.832967,19,192.890821
-19.308724,16,192.913438
-57.363664,128,193.091253
-47.666519,36,193.141873
-4.138631,19,193.168408
-41.994022,140,193.36338
-64.086756,73,193.465724
-2.048668,66,193.557508
-152.737755,158,193.778673
-28.148489,43,193.838912
-522.883202,1000,196.049927
-28.101208,168,196.285332
-6.406351,44,196.347464
7.189222,36,196.39786
2.998801,48,196.464854
-18.659872,38,196.517848
-600.368533,1000,197.922575
-25.087379,21,197.952082
-10.104912,13,197.970448
-32.864288,67,198.064165
-13.139997,85,198.182615
-20.00057,63,198.270675
-13.94988,87,198.392017
-58.080077,90,199.323134
-5.074444,24,199.356906
-20.401391,56,199.435326
-17.535152,38,199.488656
-48.856206,74,199.592053
4.542543,22,199.622865
-13.553213,25,199.65815
-30.753482,28,199.697374
-30.063766,32,199.742084
10.971605,63,199.829931
-10.457055,51,199.901023
-34.388081,80,200.012681
-17.563764,31,200.056213
-24.909745,60,200.140642
-304.604474,612,201.000956
-485.024701,1000,203.248511
-8.214071,40,203.30445
-17.848538,42,203.363251
-22.92504,51,203.434436
9.640704,28,203.473804
-38.512246,33,203.519958
1.409569,44,203.581276
-26.285963,38,203.634318
25.130887,62,203.720895
-20.3728,33,203.767515
7.399686,17,203.79136
-8.694504,10,203.805517
-4.58164,10,203.819618
-20.815492,54,203.894978
-41.611502,29,203.93556
-410.374388,1000,205.341405
-13.414789,28,205.380848
-5.776201,13,205.399177
2.972673,17,205.423162
-121.501104,158,205.643194
-32.076619,45,205.706329
-7.789516,30,205.748335
-27.64725,100,206.692168
2.86541,16,206.714632
4.544106,38,206.767579
-13.971762,13,206.785983
-17.40895,93,206.915372
-427.606703,1000,208.322486
-479.983662,1000,210.532259
15.769908,20,210.5604
-0.887974,12,210.577335
-8.086243,11,210.59281
-19.727937,28,210.631866
-10.587551,24,210.665575
0.626589,32,210.710373
-167.683643,258,211.068878
-33.432789,57,211.148692
-10.382334,44,211.210152
-6.576752,11,211.225662
-16.189476,51,211.297471
0.495303,17,211.321345
-5.480217,23,211.353762
-26.528142,32,211.398545
-16.832377,49,211.467159
-7.9495,24,211.500594
-57.990569,71,211.599385
5.01744,25,211.634318
16.070164,62,211.720771
-42.219826,55,211.797801
6.972948,34,211.845214
-32.097001,47,211.911032
-17.244041,14,211.930717
-23.402216,45,211.993543
-20.793501,27,212.031335
-61.17375,127,212.209187
14.340028,42,212.267966
-25.460546,58,212.349328
-6.889017,87,212.470704
-2.145066,21,212.499982
21.428939,37,212.551778
-74.069332,52,212.624191
-0.845058,29,212.665999
-33.956621,75,212.771826
-35.12347,74,212.875806
-2.261019,41,212.933033
-5.375171,13,212.951353
-17.129855,20,212.979462
9.688218,32,213.024416
-8.454966,23,213.056619
-394.205554,1000,215.288122
-5.532091,33,215.334483
-5.053396,37,215.386379
-5.971498,13,215.404671
25.402771,84,215.522224
6.918226,33,215.568349
-6.381551,14,215.587972
-57.583139,98,215.724151
-27.83535,74,215.827188
-2.264437,13,215.845404
-13.697907,21,215.874762
-9.33454,56,215.95297
4.070828,16,215.975446
6.824009,53,216.049439
4.444611,21,216.078807
-29.045684,38,216.132421
-26.23229,51,216.203886
-81.859586,80,216.315387
-9.763939,29,216.355815
-36.117358,44,216.417508
-0.123295,35,216.466561
-39.343316,37,216.518129
-12.849241,59,216.600372
-10.619405,13,216.618644
-43.654815,57,216.697986
-2.171314,13,216.716341
-5.402863,14,216.73597
-5.308454,14,216.75561
-4.611077,36,216.805912
-87.512983,118,217.776308
-41.483962,43,217.836349
-7.742819,29,217.87683
-8.402258,17,217.900561
-32.578781,47,217.965816
-17.751533,68,218.060447
-5.38594,13,218.078703
-56.084712,176,218.323574
6.315059,19,218.350114
3.035828,24,218.383703
5.059363,37,218.437383
-0.814315,31,218.481772
-409.686111,1000,219.89107
-138.549655,133,220.076704
-2.96271,39,220.131539
-51.046713,76,220.237567
-59.985285,95,220.370193
-41.61587,29,220.410706
-2.970704,12,220.427597
-3.295253,42,220.486659
-41.062699,64,221.383539
-87.047625,167,221.617407
-24.06344,38,221.670557
-51.498799,90,221.796154
-18.577724,41,221.853297
-29.435294,46,221.917567
-20.104007,46,221.982796
-3.761627,20,222.011252
-7.267853,15,222.032485
2.165399,17,222.056583
1.807931,42,222.115889
-32.236922,36,222.167953
-0.36128,17,222.192428
14.279523,62,222.279906
-10.557808,24,222.31354
-44.781312,55,222.389961
-6.428494,18,222.415129
-22.033586,54,222.490849
-259.4522,527,223.230873
2.195754,11,223.246556
-7.337427,26,223.282923
-166.394419,152,223.495628
8.273957,31,223.539096
-39.827384,21,223.568562
23.86589,24,223.602056
19.791786,17,223.625695
-8.715471,36,223.675703
31.201229,58,223.756459
11.190489,86,223.875817
-20.374028,47,223.94126
-61.262388,92,224.069195
-6.478076,49,224.138069
-13.125109,26,224.17444
-8.030674,24,224.208283
-41.254815,43,225.072866
9.574658,31,225.116363
-10.771708,16,225.138856
-13.55714,11,225.154327
-20.32286,23,225.18699
-11.432021,25,225.222192
-4.523335,15,225.243433
-9.299111,18,225.268781
-16.269371,20,225.296816
-14.92222,14,225.316583
7.91293,45,225.379131
-37.830102,109,225.531728
-10.110982,14,225.551363
-10.737047,24,225.585027
-105.873758,168,225.818837
-8.450342,31,225.862261
1.639547,27,225.900125
10.037678,25,225.935229
11.496641,28,225.974444
-41.473226,90,226.099837
-9.015474,29,226.140342
-577.277908,1000,227.543542
-31.991428,99,227.682153
-28.348582,56,227.760977
0.682923,29,227.801515
-13.780178,18,227.826866
-1.386312,13,227.845213
-169.079837,209,228.972159
2.642276,25,229.007156
-49.315393,65,229.09802
-9.523625,21,229.127518
-24.933193,20,229.155444
-50.684293,114,229.315072
-13.723022,16,229.337902
-2.873602,51,229.408965
17.975443,61,229.495134
-0.581438,38,229.549121
-15.023154,45,229.612294
-1.377406,10,229.626381
4.231668,30,229.668534
-7.316968,62,229.75532
-57.723532,49,229.823766
-22.623026,32,229.868459
-20.982781,67,229.961749
14.821506,20,229.989836
-51.080601,34,230.037174
-4.644028,26,230.073483
-18.549638,23,230.106098
-20.895343,43,230.165955
34.922763,67,230.261187
-24.830152,64,230.35059
-3.3024,38,230.403651
14.028623,17,230.427461
-56.327026,44,230.489089
-4.196622,47,230.555472
-33.349199,54,230.630812
2.215898,19,230.657434
1.963581,43,230.717684
-19.269883,20,230.745677
-10.901728,21,230.775135
15.233568,31,230.818469
5.445369,13,230.83692
-41.774958,73,230.93842
-75.137596,112,231.093926
10.522035,86,231.214165
-9.865088,41,231.273432
-23.024009,77,231.382015
-31.616554,132,231.566746
-9.226256,15,231.587862
-13.057792,13,231.60621
19.836981,33,232.461361
-96.948108,153,232.675092
-8.061496,14,232.694865
27.514405,87,232.816442
12.422596,23,232.848505
-8.144803,14,232.86811
2.247459,15,232.889132
-6.763635,108,233.040714
5.536679,40,233.09641
14.229865,34,233.144441
-385.667098,328,233.602554
-24.038324,40,233.658116
-21.066181,23,233.690527
36.121727,47,233.757515
-14.507702,50,233.827226
-15.046314,35,233.875885
-6.771036,22,233.906687
7.405987,21,233.935902
-53.763301,54,234.01225
-18.225689,25,234.047475
-7.899067,43,234.107713
9.438071,119,234.275226
-4.021715,30,234.317472
-8.087248,20,234.345394
3.688219,62,234.431568
-499.982799,1000,236.644654
-37.626184,70,236.74274
22.232735,141,236.939004
-6.697318,13,236.957264
-27.269228,37,237.008994
12.848171,33,237.055385
25.396712,26,237.091541
1.952515,18,237.116746
-10.003984,15,237.137863
-4.35024,90,237.264101
-4.197983,31,237.307752
-92.960111,268,237.682843
-11.326837,14,237.702571
-473.890931,1000,239.915709
-12.671,14,239.935562
42.584196,110,240.089344
-20.807332,28,240.128618
-0.987552,51,240.200398
-84.897363,145,240.403716
-10.89115,11,240.419482
-7.178922,72,240.520776
-14.008558,28,240.559917
-6.931929,25,240.594826
-23.569978,56,240.673092
2.953967,20,240.701233
-40.916537,58,240.782455
-11.053768,47,240.848348
-5.29638,20,240.876512
-102.350906,88,240.999097
-13.225243,13,241.017398
-4.823038,60,241.101128
-51.730378,121,241.270261
15.242339,58,241.351202
6.925802,31,241.395121
-3.773675,29,241.436099
-413.694507,1000,243.67227
-8.461552,32,243.71732
-4.82967,30,243.759333
-8.105036,13,243.777656
14.991705,79,243.887895
-3.203028,17,243.911681
-3.044219,68,244.00643
4.479819,31,244.049693
21.711328,50,244.119268
7.429779,35,244.168398
12.782486,73,244.2707
-14.905801,10,244.284775
14.879128,27,244.322792
-7.3482,32,244.367685
-1.906904,29,244.408322
-3.512527,20,244.436608
-60.755375,132,244.620579
11.890819,25,244.655555
-9.543052,11,244.670934
-9.839212,13,244.689218
-26.381832,101,244.830069
0.321291,14,244.849676
-4.060002,20,244.877666
-3.294366,17,244.901538
-10.707891,52,244.974227
15.694775,46,245.038463
-88.664209,159,245.259989
9.076937,17,245.283823
-26.678417,42,245.34249
4.801057,32,245.387164
30.422751,62,245.473799
-30.852611,51,245.545057
-11.590178,32,245.589798
-91.79616,94,245.720827
20.900911,30,245.763074
11.756314,30,245.804934
-44.621016,116,245.966886
-7.338707,19,245.993561
-50.650339,67,246.086793
-14.383045,33,246.132889
7.656744,78,246.241874
-0.799748,25,246.27731
-22.404777,34,246.324996
-20.183503,36,247.18153
-6.101938,15,247.202962
5.197942,18,247.228719
2.873983,54,247.304691
-32.508075,61,247.390046
-5.098201,16,247.412614
-12.369878,30,247.454845
13.093801,41,247.513147
-1.592494,53,247.587217
11.201188,35,247.63611
-36.929502,51,247.70729
-56.585384,44,247.768974
-6.593678,20,247.797025
-14.261335,31,247.840503
-7.193601,29,247.880982
-6.031857,14,247.900637
15.794195,79,248.011885
0.473868,13,248.030515
21.917014,28,248.069671
-8.23162,46,248.134222
5.736586,134,248.322276
2.731732,44,248.383598
-21.609898,22,248.414652
-46.425127,59,248.498538
-63.639783,218,248.802352
30.909245,48,248.869375
-8.74998,90,248.994716
6.208722,28,249.034328
-3.995578,24,249.067742
-3.445029,12,249.084745
-6.381255,16,249.107299
-14.191679,36,249.157722
-29.067796,77,249.265368
43.766886,71,249.364624
-13.532771,27,249.402325
-5.184684,47,249.467839
-8.545905,67,249.562269
-409.721976,1000,251.807598
-23.09249,34,251.855283
-8.38883,16,251.877642
-2.945323,14,251.897349
-4.689014,96,252.030929
16.490014,123,252.202088
-41.793436,59,252.284952
-6.170226,13,252.303221
14.077522,18,252.328397
20.525328,71,252.427135
-2.579465,49,252.495424
-63.454106,45,252.558534
0.246924,22,252.589418
9.337713,21,252.619088
-0.436054,12,252.636084
-405.532017,1000,254.844858
2.669811,27,254.883001
-35.413997,37,254.934813
5.250755,41,254.992121
-7.259626,17,255.016008
0.410524,70,255.113411
-369.491149,1000,256.520437
-15.135816,24,256.55413
-1.555159,15,256.575321
-29.969785,76,256.681268
-7.553425,135,256.868938
28.468099,81,256.981751
-18.565225,29,257.022127
-23.016464,28,257.061171
-31.564043,28,257.100188
-14.931381,68,257.195191
0.251482,13,257.213499
12.073537,63,257.30213
-181.916799,526,258.844871
-61.596564,66,258.936663
-25.160361,199,259.213582
-8.14807,23,259.246205
-459.869961,1000,260.651819
26.206986,67,260.74539
-21.77854,88,260.868322
-22.216873,41,260.925527
35.453694,83,261.041447
10.872513,26,261.077815
1.541512,13,261.096174
11.704015,20,261.929092
37.214799,47,261.99498
-9.572644,79,262.105478
-4.911792,20,262.133457
5.981852,16,262.155848
-24.650648,29,262.196989
-10.389203,41,262.254899
-20.671867,31,262.298381
-58.849348,119,262.465227
-40.219732,72,262.56618
-3.836573,18,262.59144
5.958732,22,262.62218
-12.509162,61,262.707296
-4.453383,14,262.72748
3.709972,100,262.866467
-14.370145,126,263.04178
-32.107392,64,263.130866
-37.52892,75,263.235705
9.079434,50,263.306136
0.529264,57,263.385576
23.037205,88,263.509048
-3.907292,44,263.570482
-21.155655,21,263.599905
11.159913,46,263.663938
-12.389866,15,263.684989
26.197324,62,263.772012
-7.622915,29,263.812417
-13.931658,14,263.832162
-115.461136,95,263.964316
-59.58077,93,264.093782
-1.114693,25,264.128797
14.698097,34,264.176378
-19.055789,46,264.241823
3.706685,59,264.324237
-10.877658,32,264.36893
-0.076128,19,264.395481
-7.417606,27,264.432995
21.600445,65,264.524154
-55.07362,106,264.672737
-20.423392,28,264.712167
-24.106418,119,265.683608
-4.636041,16,265.706308
-3.890064,80,265.817349
-42.617133,103,265.960624
-44.036338,96,266.094453
0.846454,11,266.109958
-6.338806,23,266.142241
-24.849232,68,266.237232
-0.369982,34,266.286005
10.025579,25,266.320884
-5.853283,96,266.454803
-3.657572,27,266.492619
-8.392123,12,266.509701
-29.109278,26,266.546101
-41.490747,150,266.754527
-1.834851,110,266.907892
-29.208068,71,267.006666
16.289734,42,267.065337
-94.643293,107,267.214242
-4.394318,12,267.231407
-42.172827,61,267.317049
22.458354,59,267.399317
-89.564661,108,267.549797
1.160619,67,267.643027
43.1567,58,267.723856
-5.305966,21,267.753574
-20.047913,35,267.802378
0.773934,95,267.934593
21.207335,102,268.076621
16.559074,22,268.107363
-4.74762,67,268.200767
-44.076705,35,268.25008
-2.619082,23,268.282905
-23.196939,93,268.412483
-313.466202,1000,270.641741
10.854253,30,270.683758
67.873477,108,270.833798
20.174989,30,270.875693
-28.541158,34,270.923033
-9.791403,13,270.941264
42.246893,77,271.048153
-353.576174,1000,273.257124
-11.440815,22,273.288181
-16.451731,80,273.400967
-8.530168,12,273.418096
-32.159903,99,273.558159
-8.238972,42,273.616794
25.059751,47,273.682245
-4.163911,63,273.770221
42.438293,71,273.869337
-0.133555,58,273.950115
-33.798593,66,274.042411
-28.936692,38,274.09554
-19.229188,100,274.234759
-16.933775,11,274.250549
8.443822,70,274.348464
-6.176957,24,274.382075
6.32843,14,274.402234
0.997721,23,274.434501
-8.585301,15,274.455681
-24.2955,58,274.537084
-4.932587,98,274.67397
3.976898,47,274.739668
-9.977507,11,274.755314
3.412792,60,274.839021
7.950883,15,274.85999
11.495612,60,274.943285
-1.632583,26,274.979656
2.372933,20,275.007731
-10.128577,70,275.105253
10.005824,36,275.155457
-12.474967,27,275.193396
1.788177,17,275.217227
10.986148,36,275.267843
22.253086,49,275.33652
-7.406294,49,275.405557
2.789555,20,275.433957
-10.166996,47,275.499906
-29.191255,62,275.586483
2.698023,52,275.658731
-1.634267,36,275.709064
-12.853057,44,275.770512
-12.003132,12,275.787404
-3.540467,16,275.809793
-4.329072,27,276.652326
1.731602,33,276.698729
7.649009,55,276.775635
-6.203692,13,276.793931
-5.822632,33,276.840004
8.51779,21,276.869358
-7.187161,14,276.889127
6.886028,25,276.924
-19.254895,26,276.960334
0.047469,11,276.975814
-4.81345,29,277.016451
-339.788269,1000,278.424855
11.554937,64,278.516309
-6.241084,18,278.541796
5.418076,22,278.572744
-19.713642,58,278.653609
-12.055258,10,278.667722
-17.18824,19,278.69462
5.436632,91,278.821213
-18.7357,70,278.918715
31.353787,97,279.053673
15.662184,18,279.078771
-7.604624,20,279.106645
-12.199668,23,279.139178
-9.443918,38,279.192154
-1.404611,53,279.266171
9.134957,35,279.315024
-10.593718,50,279.384534
-13.052346,27,279.422347
6.217207,108,280.377582
-4.144755,13,280.396182
16.348219,21,280.425754
-4.812364,17,280.450174
-13.053983,40,280.506435
31.424315,33,280.552615
7.72744,26,280.588906
10.429738,125,280.762717
-17.417333,39,280.817436
-37.913528,177,281.063497
-16.766126,38,281.116385
1.559898,24,281.149963
-16.379888,67,281.24344
22.636125,32,281.288597
-6.314129,21,281.317953
15.76838,32,281.362494
9.766945,28,281.401454
-5.31949,52,281.474078
-8.820759,60,281.557857
8.170998,14,281.57744
-8.193817,87,281.698658
-274.344959,1000,283.106361
0.933361,28,283.145677
5.350264,14,283.165271
-16.107094,25,284.020018
-3.409394,13,284.038504
-3.497399,11,284.053962
-22.947041,44,284.11534
-14.608411,33,284.161518
6.793075,40,284.217789
-9.788874,13,284.236093
-20.592507,30,284.27823
27.938233,24,284.311957
4.816363,15,284.333275
2.317464,22,284.36412
14.700053,43,284.424362
-5.861991,52,284.496889
-331.524113,1000,285.903665
24.828429,20,285.93183
-4.078546,68,286.027049
-32.19233,29,286.067692
-29.661035,34,286.114989
-17.168642,65,286.205802
8.175686,14,286.22554
3.825346,10,286.239614
5.038807,32,286.284645
21.7816,38,286.33732
8.658204,19,286.363905
31.575571,75,286.468333
6.254906,59,286.550941
14.044706,33,286.597017
3.605656,12,286.613888
-8.637775,25,286.648839
18.329961,48,286.715961
2.399144,15,286.736987
-21.542365,116,287.713728
-3.407051,11,287.729319
-15.470764,57,287.809173
2.657625,9,287.822029
19.188644,29,287.8626
12.892204,99,288.000604
-6.038641,180,288.251431
-2.45526,18,288.276755
5.069238,15,288.297796
2.250187,11,288.313434
11.053572,30,288.355644
0.502196,12,288.372487
-147.363764,549,289.144246
6.672761,25,289.179176
25.039242,76,289.286139
-37.91695,76,289.392022
-4.272619,30,289.43405
-2.310271,16,289.456863
4.850581,12,289.473787
-4.603059,43,289.533734
-7.600096,20,289.561661
-12.047844,67,289.654968
-7.799272,23,289.686975
-244.453682,1000,291.898047
-38.232996,106,292.045934
4.093566,56,292.123781
-40.422115,54,292.199444
8.136875,13,292.217698
-18.130221,34,292.265507
-167.826171,267,292.638033
2.614674,40,292.694198
-18.138073,17,292.718104
3.272691,44,292.779609
-14.532668,12,292.796619
-33.721802,23,292.828774
6.217037,29,292.86912
-2.410812,15,292.89016
32.071788,69,292.986075
6.020181,54,293.061408
46.014948,96,293.195135
-6.207151,157,293.414304
-32.552707,29,293.454751
-41.824445,47,293.521711
-13.511351,30,293.563688
-30.60577,244,293.903381
-22.036121,105,294.049637
-2.359129,10,294.063728
3.690352,14,294.083321
10.890896,110,295.04147
6.688513,40,295.09762
-14.034535,120,295.265144
-2.810039,36,295.315945
14.852808,22,295.347123
-4.989433,39,295.401513
-28.530642,72,295.502168
-23.136473,42,295.561071
27.655968,36,295.611233
26.825651,58,295.691911
36.486796,182,295.944823
-36.128462,30,295.986807
-8.704518,20,296.014747
5.886803,27,296.052508
4.708127,14,296.072249
8.724432,45,296.135123
14.108893,47,296.200886
4.729908,56,296.279646
-11.119439,40,296.335945
49.978167,64,296.425171
-7.596906,14,296.445045
2.401767,118,296.609234
-14.432362,15,296.630301
-38.650707,87,296.751571
-37.182284,66,296.843673
-5.431698,22,296.874492
3.839211,40,296.930526
19.741441,31,296.974356
-18.626649,33,297.020406
-32.889807,150,297.229542
-8.73201,39,297.284432
17.406608,36,297.335094
-8.092787,45,297.398399
-47.813897,105,297.545269
44.644895,41,297.602499
3.29454,122,297.772636
-18.906618,105,298.731077
0.603731,36,298.781647
-28.191632,48,298.848776
22.271567,30,298.890745
-16.974293,113,299.04766
6.074607,49,299.116177
-35.191416,77,299.223232
-28.679892,78,299.331876
-41.451251,233,299.656431
-29.055813,27,299.694238
-9.444782,17,299.718317
-30.716428,110,299.871378
19.207055,34,299.91886
-0.633842,12,299.935704
23.021354,90,300.060538
-66.353207,74,300.163434
-72.319482,105,300.309699
-9.97332,38,300.362763
55.509657,51,300.43403
-5.486539,32,300.478768
-14.75129,96,300.612413
30.979745,31,300.655694
10.945297,49,300.723953
-2.764246,24,300.757396
0.00588,28,300.796548
-4.735961,17,300.820313
23.02864,25,300.855363
2.764349,32,300.899914
-3.483726,21,300.929405
6.340147,13,300.94768
-7.883003,21,300.97705
5.023917,14,300.996636
0.501813,19,301.023178
16.290717,57,301.10419
12.944646,121,301.272749
-1.82889,63,301.361054
-33.62005,102,301.503461
-24.089571,115,302.499126
-3.315704,14,302.518775
6.987791,69,302.615474
22.207586,35,302.664468
2.499756,33,302.710948
6.674193,89,302.835123
8.538396,35,302.884015
-22.088207,89,303.00823
-14.140325,55,303.0851
11.291534,47,303.150516
-0.236544,10,303.164625
-20.609083,44,303.226141
5.565713,16,303.248487
17.258268,60,303.332385
-346.529577,1000,304.740425
-1.920847,25,304.775715
-15.084285,14,304.795408
-48.073882,95,304.927462
-28.107683,61,305.012355
-15.664162,79,305.122075
22.21826,86,305.241431
-24.513359,56,306.155633
6.164041,39,306.210241
4.607503,40,306.266564
-253.122135,1000,307.676638
4.923629,11,307.69241
1.438416,12,307.709539
10.139424,18,307.735045
-15.396712,23,307.767254
-6.145281,32,307.812029
-8.515441,19,307.838828
43.013586,129,308.018637
16.422451,53,308.092805
3.682858,32,308.137789
-70.230512,142,308.335887
-3.998809,57,308.414922
-5.001816,13,308.433388
3.840371,48,308.500344
-8.443163,14,308.520191
6.300437,76,308.627084
-1.147095,77,308.73551
46.755068,30,308.777695
-7.884133,12,308.794734
-148.436554,1000,311.00728
-2.913887,20,311.035469
-30.706133,280,311.425177
11.326779,81,311.538455
-10.332907,25,311.573913
-9.596677,31,311.617537
-7.326874,22,311.648439
-9.963308,43,311.708395
18.620322,114,311.867709
0.299647,104,312.012235
3.959384,23,312.044409
23.62633,25,312.079402
4.621065,180,312.330682
-56.699605,76,312.43641
2.717056,76,312.542046
13.597653,23,312.574527
-1.778714,11,312.590155
-10.628652,25,312.625262
6.333256,30,313.479492
-21.465512,87,313.601491
1.033638,14,313.621408
-23.898921,31,313.664657
7.372271,16,313.687115
-19.419694,84,313.805827
-126.070468,1000,315.216768
-60.439067,153,315.430078
-44.016573,113,315.588456
-2.82189,13,315.607163
9.366472,15,315.628286
-9.51578,14,315.6483
-7.728861,37,315.700101
17.911675,74,315.803254
11.793542,50,315.87312
-13.945083,18,315.898395
13.580042,21,315.927797
49.407653,60,316.011298
0.391305,15,316.032315
89.271663,94,316.163612
4.763226,34,316.211076
-169.847983,1000,318.444196
10.074758,22,318.475337
1.904799,11,318.490819
-48.767446,329,318.950164
-19.704072,77,319.057272
-0.751279,29,319.098026
24.269603,40,319.154008
6.265163,23,319.186228
20.500123,60,319.270557
9.981985,46,319.334638
14.405351,51,319.405823
15.501853,33,319.451917
1.373561,13,319.470224
5.630857,23,319.502201
-42.895135,130,319.68368
11.808472,44,319.745313
-3.756377,27,319.783251
-4.425905,15,319.80434
-205.167035,1000,322.018561
-6.899951,99,322.156711
-4.287711,70,322.255107
-46.839542,88,322.378303
22.078175,35,322.427323
24.914372,59,322.510015
-16.191985,85,322.628348
1.2494,32,322.673611
-203.011232,1000,324.898018
8.511753,23,324.930492
-11.793779,20,324.958459
7.025447,36,325.008744
3.047176,11,325.024198
1.398772,56,325.102485
89.935307,157,325.322493
-6.12947,71,325.421404
-4.658652,11,325.436923
-0.155952,26,325.473224
-10.533108,25,325.508158
-11.911137,55,325.585087
14.346485,17,325.608848
-134.112907,1000,327.016296
-5.034828,25,327.051396
-22.119783,68,327.146211
29.342526,71,327.245648
22.317278,44,327.307581
22.086547,23,327.339953
-9.468478,12,327.356837
1.670979,15,327.377664
-11.532439,30,327.419509
0.99353,12,328.242418
11.727912,28,328.282138
0.645717,13,328.300601
-20.861912,143,328.4992
-154.651685,1000,329.90449
-15.56193,25,329.93953
16.326039,71,330.038189
-65.366386,97,330.172965
-80.051927,159,330.394989
0.476196,92,330.522999
-9.835966,37,330.574595
-0.079842,32,330.619312
-13.528557,17,330.643135
-13.723021,34,330.691262
-7.539542,38,330.74462
-12.16497,132,330.928596
2.434881,38,330.981675
4.283255,16,331.004167
-5.40163,27,331.041908
-43.436916,163,332.092195
4.92411,18,332.117489
-2.238858,32,332.162208
-11.313431,32,332.207179
8.470123,90,332.333433
8.801614,52,332.406259
-26.028909,113,332.563359
-6.917704,15,332.584504
-6.433281,13,332.60283
8.351647,38,332.656033
48.365754,106,332.807213
95.341667,195,333.080016
7.018958,14,333.099814
-1.690258,12,333.116682
-52.306885,139,333.310696
-0.394364,125,333.485607
14.788413,40,333.541162
-7.048309,14,333.56097
-2.543908,27,333.598826
-23.802445,43,333.658905
10.499667,24,333.693016
17.615027,42,333.753332
14.438658,71,333.852714
-7.143051,71,333.95154
8.862926,12,333.968413
16.92269,159,334.189549
23.559469,71,334.289056
-36.700197,170,334.525833
-15.240737,192,335.599451
13.596744,42,335.658511
5.27705,22,335.689439
-16.026811,33,335.735926
40.408832,35,335.784936
0.857009,13,335.803229
104.693739,102,335.945217
-13.331046,87,336.066599
24.45843,21,336.096028
-10.406005,15,336.117093
52.377629,104,336.2623
3.931855,22,336.29344
-0.284368,12,336.310351
-46.82257,139,336.503888
-12.046696,75,336.608322
4.390889,47,336.674063
15.546246,22,336.705282
6.457908,171,336.943908
-0.350648,13,336.962604
27.154007,47,337.029324
8.076039,103,337.172972
46.38478,146,337.376876
2.356217,28,337.416679
31.206338,37,337.468773
-42.905055,163,337.696553
14.949334,58,337.777506
23.4305,98,337.914221
1.958981,30,337.956567
-16.999983,27,337.994516
29.712996,164,338.223783
-11.225825,58,338.304833
-17.070179,51,338.375724
3.785797,55,338.452873
-6.39657,19,339.300775
10.030654,70,339.398817
18.514307,133,339.585133
-8.345938,30,339.627004
19.265731,147,339.832406
-153.388441,400,340.393492
28.225314,194,340.663886
0.974158,24,340.697783
-5.161279,32,340.742369
-64.585585,185,340.999592
16.210295,16,341.022063
9.252498,16,341.044595
-67.924557,150,341.253564
89.9337,203,341.537304
-6.114854,13,341.555577
-2.011352,17,341.579383
35.608191,57,341.659177
0.776426,122,341.829718
-28.443116,129,342.009176
-175.127746,1000,344.268643
-4.926696,21,344.298477
8.643993,38,344.351567
27.732339,56,344.429958
-4.968959,13,344.448231
6.977965,50,344.518414
40.692501,105,344.665421
8.572775,38,344.719384
10.519504,44,344.780791
6.90674,47,344.846684
-0.183823,52,344.919208
-4.652506,11,344.934626
1.892719,14,344.954261
3.538208,104,345.099529
-2.51864,15,345.120557
-19.797153,29,345.161205
-63.980724,113,345.318945
-1.612882,12,345.335923
-9.520214,44,345.397332
17.207719,24,345.430979
-9.532928,26,345.467148
2.867183,37,345.518995
-7.21352,23,345.551475
7.3427,31,345.595224
-44.196348,1000,347.829739
22.328645,31,347.873276
44.322218,235,348.200193
8.469521,15,348.221761
-68.218365,68,348.316445
4.076325,92,348.444543
19.370385,20,348.472525
4.545221,75,348.576985
0.886153,16,348.599914
2.360177,15,348.621123
0.721882,16,348.64363
-10.736229,55,348.720296
22.475615,61,348.806877
5.834499,29,348.84742
-10.829367,64,348.936883
-7.298182,23,348.969266
38.153445,78,349.078152
-4.038475,18,349.103813
25.997569,37,349.155714
46.614447,88,349.278115
21.817878,50,349.349388
4.887056,33,349.395586
-203.813125,1000,351.614694
-3.149821,74,351.718627
-3.458744,17,351.742438
-55.154169,1000,353.148978
-4.578595,47,353.214849
17.839125,26,353.251345
0.145257,14,354.078387
7.707508,23,354.111205
16.956378,44,354.17258
-3.691736,54,354.248011
-14.796308,54,354.323623
-48.463654,263,354.690074
4.447558,57,354.769744
32.863375,63,354.858337
14.832677,31,354.901682
2.517852,15,354.922706
0.053845,79,355.032403
13.548453,14,355.052126
43.535168,112,355.208262
2.561607,38,355.261682
25.959827,23,355.293799
13.217997,87,355.415422
33.171667,26,355.451671
53.73418,52,355.524046
-5.387041,55,355.600842
8.175268,23,355.633234
-15.556706,24,355.666967
-92.527563,105,355.813355
-153.524264,1000,358.044379
10.85622,33,358.090736
-11.547965,36,358.141065
12.882048,36,358.190953
2.345505,54,358.266899
85.215572,78,358.375844
-93.201585,1000,359.788998
-81.523777,87,359.910638
2.58055,15,359.931967
6.091942,216,360.233123
30.456799,56,360.311426
27.08023,78,360.42056
38.165133,41,360.477742
1.239217,71,360.57706
8.608899,17,360.600877
17.274856,66,361.499851
-17.890102,112,361.656865
-33.933879,62,361.74416
-19.290107,129,361.9239
-4.512938,14,361.943642
-13.321114,30,361.985615
29.45841,57,362.065384
-5.09882,73,362.16725
32.019849,109,362.319873
30.498686,104,362.465822
7.523771,23,362.497926
7.164014,36,362.548121
26.359373,40,362.604064
-22.504932,44,362.666164
42.171062,52,362.738906
2.337919,29,362.779494
-28.626205,76,362.886662
-2.903946,102,363.028384
21.018733,47,363.094085
13.451608,48,363.161326
30.548091,98,363.297972
-17.813625,16,363.320633
-1.126,194,363.590846
57.672777,70,363.688692
6.499822,12,363.705757
9.882177,51,363.777837
-53.928447,1000,365.993545
78.985496,106,366.141227
15.488109,23,366.173307
-129.26692,1000,367.58025
-6.204063,135,367.76867
13.308271,59,367.851802
-6.082567,18,367.8773
20.876524,108,368.836274
-9.409927,20,368.864333
54.164199,55,368.94181
71.922734,96,369.07572
28.592637,52,369.149589
-2.344549,62,369.23719
-79.466471,1000,370.646113
19.924121,94,370.777865
-1.697335,19,370.804515
72.469232,192,371.073489
-1.826696,64,371.163331
-1.818635,14,371.183242
9.621221,14,371.202869
6.170087,1000,373.426418
-8.190865,26,373.462737
17.384421,33,373.508985
8.629444,65,373.599691
23.350603,42,373.658954
1.196969,16,373.681427
74.416683,128,373.860852
2.124827,25,373.895753
-29.593046,134,374.081975
-121.630347,1000,376.297864
30.195189,87,376.420094
20.814621,48,376.486903
-6.602111,66,376.578851
25.703217,51,376.650688
8.26542,99,376.789121
69.439192,217,377.090858
-19.148467,77,377.198343
65.080578,78,377.307237
25.107926,26,377.343692
53.674209,56,377.422208
0.118889,19,377.448879
64.920839,60,377.532628
22.539041,64,377.621581
35.699588,60,377.706026
3.168877,16,377.728694
40.346482,64,377.818356
8.266128,41,377.875991
12.459209,28,377.915123
12.981394,21,377.944302
-108.220525,1000,380.155506
48.912157,63,380.243866
3.781878,53,380.31795
-52.75423,1000,381.722938
-17.157675,77,381.830378
-13.015097,226,382.144363
15.981039,120,382.313471
76.677757,101,382.454001
-18.734517,86,382.573748
32.59373,105,382.719954
71.386705,298,383.943928
4.551234,26,383.980461
-0.502517,15,384.001487
38.759997,72,384.101837
0.518116,45,384.164904
42.617575,72,384.265696
11.986732,26,384.302188
15.116078,48,384.369066
-65.903514,1000,385.773711
-21.660294,1000,388.016352
32.527679,151,388.22721
30.430575,119,388.39364
-11.692981,43,388.453687
1.575459,11,388.469215
23.611474,78,388.577781
30.084897,103,388.721235
26.354529,58,388.803943
28.745979,47,388.869426
76.039758,1000,391.08152
41.143147,79,391.191651
3.55537,23,391.22408
41.984787,69,391.321945
-0.189939,15,391.343007
-1.04246,8,391.354542
-1.108048,13,391.372806
-8.258306,764,392.447362
37.309151,50,392.517024
5.530582,53,392.590795
-16.718193,57,392.670741
4.810817,22,392.701433
37.410684,107,392.853366
60.288417,61,392.93897
65.645668,167,393.173035
1.956844,45,393.236484
10.442296,14,393.25622
22.002038,85,393.374863
81.229459,105,393.521457
20.166287,243,394.664816
26.562393,32,394.709668
-2.832419,73,394.811118
-48.518898,564,395.595651
12.836631,51,395.667192
-7.041854,27,395.704894
27.454597,164,395.933307
13.251453,164,396.161278
-19.084939,54,396.236594
26.019275,75,396.342377
9.66399,31,396.3857
2.972092,19,396.412789
0.862128,11,396.428338
-1.304592,28,396.467673
6.582538,23,396.499756
23.376087,112,396.655482
0.802205,14,396.675152
18.339927,39,396.729996
35.223989,105,396.876178
36.813914,114,397.035661
-2.514915,45,397.098232
41.268708,83,397.213935
53.119923,1000,399.463841
26.507633,124,399.636464
14.164487,240,399.970821
6.923041,11,399.986326
15.342883,23,400.018437
24.881897,22,400.049196
-109.223376,136,400.238415
11.970479,13,400.256642
-54.452412,244,400.59529
35.672961,1000,402.819498
-8.348512,15,402.840834
-9.838864,31,402.884028
-2.76827,25,402.919534
5.859627,57,402.999617
4.370596,66,403.091393
38.952367,66,403.183705
26.063225,32,403.228375
9.077893,18,403.253613
115.288822,1000,404.663545
38.113561,51,404.738905
21.467947,24,404.772597
25.271111,780,406.674403
7.730293,29,406.715278
-5.290973,45,406.779073
52.381717,1000,408.18532
21.294812,22,408.216528
18.478663,23,408.248908
0.724077,33,408.295353
29.999131,33,408.341267
6.467906,16,408.363639
-2.104757,25,408.398503
8.87211,15,408.419628
-13.334508,52,408.491671
1.682237,123,409.50083
-3.820606,16,409.523394
-42.672354,89,409.647881
-7.979413,79,409.758494
4.917237,75,409.862669
39.821387,1000,411.272444
3.309918,45,411.335448
20.293969,73,411.437375
41.867052,55,411.514149
45.956893,1000,413.746649
11.011269,22,413.777701
77.49103,248,414.122824
11.131877,23,414.155193
-10.719551,44,414.216609
-7.28872,30,414.258552
93.778136,154,414.473378
6.628171,15,414.494392
78.974089,1000,415.898665
46.383972,49,415.967732
68.644481,163,417.01137
32.551503,43,417.071247
1.482364,51,417.142665
6.608417,30,417.184714
7.338518,16,417.207119
31.861307,29,417.247614
67.957881,91,417.374651
36.305559,100,417.514017
10.198078,22,417.544726
23.888742,1000,418.949429
-1.398233,14,418.969728
60.670071,1000,421.207819
3.285155,31,421.251573
91.399677,104,421.396729
58.269104,98,421.533443
3.290991,20,421.56147
32.963172,36,421.611839
78.370161,118,421.776867
19.186071,22,421.807642
22.586319,70,421.905208
-35.498915,296,422.316775
5.839661,84,422.434915
18.717905,98,422.571228
10.303816,32,422.615752
24.815213,127,422.793191
67.463773,58,422.873968
27.52113,79,422.984906
35.537734,125,423.158583
33.559681,23,423.1908
2.652132,79,423.30072
-35.757751,163,424.333472
90.290475,130,424.515373
-33.558349,66,424.606906
-0.158428,42,424.665618
-1.63198,1000,426.067296
44.617373,330,426.527322
100.266014,186,426.786921
6.325253,30,426.828694
70.299321,71,426.927759
11.114417,86,427.865063
24.537244,51,427.937087
9.383836,23,427.969258
19.038269,52,428.042366
17.03905,46,428.106604
5.177607,29,428.1471
-8.576007,66,428.239495
20.914902,49,428.308123
-33.969017,124,428.481175
36.067803,54,428.556837
154.371334,1000,429.961898
-8.039356,42,430.020766
64.905702,91,430.148202
17.599487,76,430.254452
17.494198,53,430.328682
-5.320666,37,430.380343
79.187437,124,430.552443
52.531418,64,430.641573
117.16965,1000,432.856756
11.202789,34,432.904486
90.216463,189,433.168698
18.653727,80,433.280472
7.470738,95,433.41212
44.719738,51,433.483479
85.958367,109,433.635464
38.994269,235,433.964804
35.601413,38,434.017659
131.50491,1000,436.235286
8.127736,38,436.28873
99.944272,151,436.498693
6.8033,19,436.525159
-50.608788,116,436.687986
15.345967,51,436.759459
1.384194,11,436.774939
94.535797,122,436.945401
9.699408,19,436.971879
7.181079,43,437.031687
116.645808,114,437.18996
-65.964867,144,437.390878
1.831201,30,437.432779
6.633162,27,437.470599
240.987066,1000,439.696358
19.10859,31,439.739688
96.404509,177,439.986473
32.565926,44,440.047975
33.398938,51,440.11942
34.157544,61,440.205765
117.834291,1000,441.617848
46.390305,205,442.721936
34.346658,100,442.862098
72.7281,199,443.139189
46.154702,124,443.312664
118.287561,1000,444.71848
234.223423,288,445.119763
24.730453,51,445.190959
1.876287,21,445.220538
2.34802,14,445.240473
-1.628039,16,445.263331
32.060535,63,445.351223
210.079569,1000,447.563355
24.447112,39,447.617745
116.509563,237,447.947659
8.026191,29,447.988293
21.580769,92,448.116769
38.686315,78,448.225114
-0.848527,86,448.344959
33.253965,60,448.428367
72.2779,141,448.624115
-4.083165,45,448.687128
12.205609,56,448.765504
4.977857,15,448.786499
24.672234,74,448.890138
33.239123,55,448.96652
33.343238,136,449.156338
10.945787,202,450.241742
8.386369,26,450.278472
56.027967,72,450.378831
64.057203,116,450.540151
4.451105,39,450.594436
26.228603,75,450.699349
72.539924,195,450.971234
62.558899,65,451.061632
48.725879,73,451.163746
152.325948,1000,452.57271
221.488064,248,453.730583
-62.317814,248,454.077417
58.771686,77,454.185321
49.048186,96,454.319315
5.963689,18,454.344632
11.985238,40,454.400463
25.574117,100,454.539253
33.733559,39,454.593433
32.850662,51,454.664985
16.63378,167,454.897298
24.170156,24,454.930833
16.54875,78,455.039176
10.898972,51,455.110726
17.616582,48,455.177322
50.530284,95,455.311386
21.315886,55,455.388393
24.270495,49,455.45653
27.875938,35,455.505631
7.327651,109,455.657611
53.022993,70,455.755595
11.336613,21,455.784877
26.149654,44,455.846482
21.971758,54,455.921965
22.514251,54,455.997185
4.901295,28,456.036494
41.661081,98,456.173805
42.574626,55,456.250462
3.035819,34,456.29871
34.386936,41,456.356098
38.235875,55,456.432975
1.642781,11,456.448574
21.548866,56,457.366333
79.991871,100,457.507221
7.308606,11,457.522966
7.310773,15,457.544129
80.088278,150,457.753212
8.233213,16,457.775504
2.577127,54,457.851401
23.990028,59,457.933192
151.408109,194,458.203976
39.824832,49,458.272629
207.519996,266,458.641947
-77.755772,310,459.076885
99.66365,319,459.520812
36.404897,84,459.63771
36.808613,52,459.710311
35.698269,151,459.920357
11.022151,16,459.942744
0.517536,10,459.956827
15.336859,63,460.044346
11.113557,15,460.065675
49.637517,80,460.177861
70.031045,328,461.44085
151.05556,1000,462.851569
23.214296,31,462.895204
59.294743,1000,465.102519
8.647616,92,465.231154
59.609973,80,465.34248
-70.626364,257,465.699691
44.731886,66,465.791756
82.565743,178,466.039732
31.290673,71,466.138753
30.657853,64,466.228642
-20.130755,198,466.504506
14.655676,56,466.582975
175.691383,1000,468.794657
45.388929,97,468.930001
36.790445,136,469.119677
-9.757321,86,469.240061
36.451708,52,469.313014
15.100311,15,469.334306
207.6419,1000,470.737741
13.506402,24,470.771788
64.661786,90,470.896991
1.278347,174,471.139496
13.385192,346,472.428825
14.682314,32,472.473569
28.763518,33,472.520211
11.046643,50,472.590015
-7.682866,18,472.615304
39.020157,67,472.709259
14.515954,54,472.784705
50.752488,72,472.88501
16.184946,20,472.913044
132.328796,161,473.1379
220.075646,1000,474.544468
13.34848,25,474.579709
98.786738,124,474.752784
73.238731,111,474.907158
32.833393,48,475.780756
23.579629,32,475.825392
168.365487,218,476.129709
44.260739,43,476.189942
213.062879,1000,477.597685
4.139969,23,477.629998
10.539119,14,477.649944
64.995092,105,477.796188
29.383087,44,477.857222
192.465811,1000,480.098911
44.778995,74,480.202422
85.576035,203,480.484805
36.24197,53,480.558792
152.393178,1000,481.960983
14.769502,33,482.00745
31.168712,66,482.099673
184.826075,1000,484.335505
139.099436,180,484.586204
91.896256,146,484.789754
158.468204,298,485.205111
27.636168,153,485.418426
18.174974,16,485.44091
101.682849,77,485.54853
176.131277,1000,487.762401
14.827631,36,487.813308
30.653414,79,487.923715
10.040793,42,487.982032
15.959684,30,488.02376
234.79257,1000,489.429878
15.144708,34,489.47749
78.98707,154,490.497264
2.483111,71,490.596732
-6.974687,184,490.852972
-3.962649,30,490.894973
247.803459,1000,492.299021
30.960689,120,492.465995
92.01085,158,492.685941
36.65953,119,492.851322
127.536893,262,493.21624
29.420253,25,493.251485
18.040821,37,493.303434
34.356878,90,494.23256
51.783073,98,494.36974
34.507124,46,494.433792
21.137512,98,494.570277
2.544928,51,494.641391
70.047852,256,494.998204
92.923536,74,495.101857
12.43545,24,495.135454
28.017029,84,495.252737
157.531222,325,495.704846
84.378698,70,495.802219
33.212358,67,495.895654
-1.037244,22,495.926305
19.531814,37,495.977876
56.727108,67,496.071515
54.094843,125,496.246453
201.060006,310,496.677687
104.794122,326,497.935895
50.628474,69,498.032082
68.549365,151,498.242753
43.343669,95,498.375715
11.940944,24,498.409173
20.952032,79,498.519106
95.082237,171,498.757252
49.084355,111,498.912208
25.578236,124,499.084488
0.473817,16,499.106978
26.960107,248,499.452498
77.494756,294,499.860933
62.010398,102,500.002576
73.534554,234,500.32941
21.103313,44,500.390949
57.389844,63,500.478418
245.691633,1000,502.690777
169.885921,464,503.33926
399.912895,1000,505.552513
9.939582,235,505.880213
63.087313,67,505.973693
3.29568,29,506.014157
90.946562,114,506.172261
23.352547,123,506.344792
17.956481,29,506.385145
213.818272,1000,507.791447
63.77378,120,507.958629
62.45022,236,509.092249
24.029614,54,509.167487
67.063333,338,509.638638
6.361449,23,509.670882
18.01644,95,509.803032
171.122791,228,510.119386
12.901745,35,510.168061
15.604442,15,510.189028
18.845561,30,510.230738
-47.527046,394,510.779837
58.686108,109,510.930929
60.607568,145,511.132463
34.790266,72,511.232763
22.067056,26,511.269333
26.492892,107,511.418489
196.295999,221,512.531073
-28.078657,191,512.797976
16.737917,81,512.912516
108.5025,185,513.169561
157.633256,320,513.616102
26.583392,32,513.660947
6.511553,30,513.702813
10.459603,36,513.753233
77.496076,167,513.985218
201.757128,352,514.474172
89.378996,105,514.620735
108.333952,206,514.906913
44.469038,117,515.069632
3.695513,30,515.111669
39.238318,138,515.30354
32.436133,54,516.183679
13.732967,14,516.203416
19.838004,69,516.299786
27.21157,105,516.446599
40.863684,58,516.527576
148.82081,270,516.903654
241.674623,322,517.352027
86.143158,68,517.446697
79.117218,478,518.113523
260.079753,445,518.732811
28.957835,64,518.822326
59.380883,90,518.947495
369.886109,1000,521.168818
148.607122,210,521.460886
35.745975,41,521.518284
326.800336,550,522.282795
15.768504,17,522.306673
23.963072,42,522.368706
24.083909,47,522.434459
274.526458,1000,524.647715
68.348875,115,524.807431
77.155768,75,524.911909
129.717193,281,525.302633
20.207048,31,525.346094
70.099396,130,525.526552
36.435485,206,525.813426
39.3472,36,525.863639
48.777491,67,525.957062
33.902444,109,526.1089
23.165882,71,526.207443
130.383662,167,527.244951
290.572979,1000,528.649083
59.610436,203,528.930772
371.38195,1000,531.16895
127.018478,258,531.528219
16.510912,60,531.611697
94.0187,229,531.930428
80.386219,155,532.146145
108.843438,228,532.464198
51.873724,107,532.613904
63.512909,128,532.792611
195.951465,518,533.513787
230.285803,515,535.038957
30.146818,37,535.090955
145.112376,786,536.188099
68.460865,169,536.424533
121.356673,247,536.768447
164.759733,193,537.036936
20.455159,44,537.098504
36.000219,39,537.152982
34.233204,149,537.361191
10.680025,22,538.196065
449.947858,890,539.434537
238.182808,451,540.062432
70.067002,138,540.254425
434.778868,1000,542.462169
19.740891,65,542.552847
104.366972,300,542.972472
114.018694,266,543.342797
53.909276,201,543.625072
148.751324,258,543.986281
149.896319,194,544.257617
5.799365,11,544.273028
31.230744,68,544.367907
46.698295,46,544.432119
19.435445,82,544.547272
375.076352,1000,546.758657
99.297927,164,546.986887
65.187784,132,547.170233
62.218125,313,547.608222
271.919368,782,549.521415
16.721546,75,549.626099
193.592707,1000,551.01716
119.320921,156,551.234602
23.663406,26,551.270934
92.791821,120,551.437744
66.486182,62,551.524312
496.07774,923,553.614979
64.281054,108,553.765641
363.029619,1000,555.165143
241.9649,306,555.591087
269.541834,527,557.15538
300.064899,1000,558.559086
23.648939,99,558.697324
125.518941,218,559.000466
7.780707,37,559.052176
7.338118,18,559.07747
140.583619,250,559.425899
119.363877,172,560.474952
345.09992,1000,561.880766
73.815756,105,562.026655
403.256733,1000,564.229414
203.985475,321,564.677853
316.480137,551,565.446942
111.781073,133,565.631921
29.764195,37,565.683966
-14.486509,294,566.093307
86.609429,253,566.447147
316.462267,1000,568.657432
335.429762,1000,570.060675
254.044896,330,571.327352
116.700185,183,571.582459
198.861581,1000,572.986932
355.107862,1000,575.198129
187.440631,448,575.82383
75.686406,116,575.98542
201.05206,263,576.352171
62.319552,150,576.561577
317.450447,1000,578.772483
131.961345,421,579.359852
117.265569,349,579.847629
29.791534,82,579.962358
58.944386,84,580.079235
339.923709,1000,582.290507
2.871863,10,582.305061
131.247109,196,582.582677
75.520029,77,582.69268
131.694608,198,582.968596
52.142128,93,583.098493
13.602156,148,583.304676
66.994117,448,583.930086
8.587959,544,584.688784
1.861511,18,584.714337
42.79803,45,584.776958
43.68889,198,585.052713
352.023344,1000,587.267701
575.361842,797,588.382139
152.766855,380,589.747315
204.273357,439,590.358158
141.826363,278,590.745166
19.116012,23,590.777343
418.836377,1000,592.179274
343.385683,1000,594.427283
351.679748,1000,595.820994
129.51763,198,596.096517
200.910222,582,597.713675
-15.224724,245,598.053542
252.116711,431,598.653235
23.376256,99,598.790846
369.147333,747,599.830767
51.712991,146,600.83824
122.510205,190,601.102845
313.968982,1000,602.511223
23.662258,28,602.55037
119.9257,265,602.92044
414.137005,1000,605.149238
187.135869,385,605.686684
56.58187,180,605.938791
390.176787,1000,608.158457
7.28723,11,608.174224
18.985355,33,608.22032
25.38404,26,608.2565
85.27003,103,608.400314
268.561307,555,609.175442
151.970875,323,609.626539
386.001929,1000,611.837174
211.783219,874,613.057555
33.240212,46,613.121752
282.773733,382,613.654641
63.819351,907,615.726162
341.963815,1000,617.129502
567.761397,1000,619.332921
44.154284,109,619.485059
510.582688,1000,620.881021
27.07051,65,620.971888
303.483265,709,622.781201
126.828354,1000,624.17721
321.078362,637,625.067002
362.582032,1000,627.285174
110.289449,215,627.58487
377.180988,774,628.66349
348.28165,664,630.393942
401.753018,1000,631.797086
17.249247,15,631.818219
283.31215,331,632.277908
88.876452,511,633.795128
432.029872,1000,635.202276
171.482988,428,635.798502
106.993515,585,636.613637
51.916151,74,637.52466
134.607126,217,637.828666
207.791747,383,638.363672
7.291136,21,638.392891
405.975466,1000,639.797777
34.049104,36,639.848608
359.985794,985,642.045785
405.544542,1000,643.453905
66.749594,58,643.535387
331.194351,442,644.953952
160.963106,357,645.453773
175.541612,261,645.818027
198.381585,219,646.123795
393.472836,1000,647.527401
237.110258,360,648.831398
27.71663,34,648.878914
46.231054,146,649.083357
352.899394,873,650.300961
30.248803,31,650.344995
116.857081,179,650.594757
258.040223,391,651.142683
277.271926,589,652.769728
66.136872,182,653.023366
21.294653,113,653.181141
63.567346,58,653.262065
189.10137,494,653.952116
91.329325,127,654.129404
31.433942,67,654.222639
397.147787,683,656.004865
194.247248,311,656.438826
438.07051,656,657.351004
58.60327,47,657.416748
689.806479,1000,659.616593
56.27822,106,659.767525
62.500377,59,659.850216
149.144711,360,660.353266
154.906813,241,660.68924
146.150744,188,660.951343
559.944649,807,662.078863
95.015769,80,662.190006
0.182109,18,662.215119
449.103845,1000,664.44682
39.361106,172,664.687555
364.665678,401,665.247352
46.44706,243,665.586875
473.378403,544,667.148292
140.856138,166,667.380575
268.242632,636,668.269747
21.452413,27,668.307554
598.928219,1000,669.700822
500.041258,1000,671.89993
306.07744,586,672.71515
42.117836,278,673.105078
25.894003,35,673.154011
273.708897,335,674.425086
163.597383,212,674.722072
254.681681,477,675.38701
65.422841,146,675.591095
68.097742,256,675.948519
15.93631,30,675.990458
208.574928,248,676.335606
62.687171,88,676.458307
123.17184,144,676.658875
66.872849,135,676.846841
406.304086,1000,679.060756
126.934093,234,679.38734
168.326103,342,679.864176
529.219928,1000,682.089635
482.826062,952,683.420281
140.39323,229,683.738859
444.648161,1000,685.946935
121.621264,133,686.132447
62.742884,66,686.224234
38.675343,58,686.305231
238.778096,462,686.949143
376.405968,1000,689.14991
21.398058,16,689.172555
13.635031,15,689.193547
259.263937,247,689.538438
24.537362,63,689.626492
164.889787,609,690.475637
582.744003,991,692.672458
544.64787,1000,694.068455
123.966932,1000,696.267365
559.485649,1000,697.671775
82.513169,94,697.804134
348.781619,760,698.865222
271.560242,1000,701.069895
849.493328,1000,702.463607
123.093063,193,702.736964
238.905738,312,704.016602
412.132967,1000,705.424612
90.359714,105,705.57306
217.657199,329,706.033809
42.546822,41,706.091379
25.826232,42,706.150378
60.67297,90,706.276096
342.513518,1000,708.497957
496.688306,656,709.415017
69.02367,55,709.492403
25.007578,41,709.549756
289.036784,519,711.081705
441.773836,1000,712.479461
482.063717,645,713.381093
484.583693,1000,715.588129
131.200272,160,715.811414
15.258939,30,715.853294
95.014682,237,716.18415
10.616363,38,716.237269
177.775823,225,716.55369
436.67086,508,717.263301
492.969326,1000,719.510235
507.427043,944,720.830502
207.633443,1000,723.060668
689.096932,1000,724.465682
572.168823,1000,726.692175
412.614482,660,727.614847
765.718088,1000,729.834794
501.614145,1000,731.233206
516.225411,1000,733.456139
465.246332,1000,734.865372
452.467257,526,735.603541
476.074885,1000,737.832108
829.758457,1000,739.229953
443.726701,1000,741.451455
40.407764,39,741.506155
544.245817,682,742.461463
727.589408,976,744.633847
783.788829,1000,746.034768
46.041121,39,746.089575
450.825527,1000,748.300191
775.509325,1000,749.699664
644.924963,750,751.550352
222.815944,275,751.935349
465.146972,1000,753.345074
389.611638,568,754.138984
527.038387,1000,756.343162
628.515904,744,757.381872
740.731102,1000,759.619231
93.507343,141,759.81755
3.664186,15,759.838513
406.544963,721,760.849495
377.094843,479,761.518428
30.277937,32,761.563368
508.53441,1000,763.790829
313.656356,417,764.374164
608.269401,1000,766.577959
30.690908,40,766.634382
524.161794,1000,768.03937
133.703667,135,768.230084
11.032751,15,768.25117
640.946596,1000,770.499295
590.343918,739,771.53669
753.423378,1000,773.756007
198.784604,222,774.066155
512.139218,1000,775.479095
486.521016,677,776.426927
415.552232,898,778.486819
465.744536,1000,779.896584
625.163982,1000,782.097683
330.608524,482,782.772857
851.012888,1000,784.974146
824.604552,1000,786.368738
287.28193,333,786.835016
636.819696,1000,789.033763
817.734693,1000,790.432925
697.928489,1000,792.632358
797.89848,1000,794.031434
864.853285,1000,796.237142
66.257381,91,796.364258
714.194233,919,797.649373
622.65052,1000,799.857596
814.122706,1000,801.258319
525.868919,1000,803.492705
64.066751,57,803.572523
184.943092,195,803.845261
573.30915,1000,805.251668
476.125174,1000,807.457561
267.301788,261,807.821382
758.53379,1000,809.216774
418.106208,569,810.812835
71.651413,94,810.943865
307.794717,498,811.642554
51.761517,54,811.718077
820.545822,880,812.948545
154.978494,196,813.222825
459.435852,438,814.637379
73.251546,57,814.717313
296.075182,350,815.205963
945.319954,1000,816.605366
621.136795,1000,818.810497
31.997814,78,818.919702
386.997048,646,819.823834
102.443449,134,820.012066
668.4574,1000,822.218302
563.227991,1000,823.627534
627.596336,1000,825.826791
310.03025,400,826.386869
151.81751,327,826.84511
521.490876,1000,829.082108
310.761493,574,829.883187
835.171631,900,831.140841
1071.879066,1000,833.341806
604.645646,760,834.403571
843.347286,1000,836.601921
34.951066,65,836.692808
33.693168,48,836.759964
746.720758,806,837.88421
569.688433,1000,840.090299
680.629312,746,841.130855
725.538575,837,842.306872
492.518489,552,843.906409
172.416728,180,844.158351
727.950499,1000,845.557299
998.81613,1000,847.763266
591.384197,1000,849.169521
870.862333,1000,851.369097
669.894477,1000,852.772107
493.658123,672,853.713033
211.075245,229,854.833946
18.226144,18,854.859167
1015.274992,1000,856.25496
762.920047,877,858.29336
330.057529,350,858.782721
583.70357,659,859.705793
355.949619,421,860.296675
574.370348,1000,862.524023
17.672791,52,862.59672
207.236439,268,862.973545
128.205962,117,863.136918
300.975455,341,863.61434
749.125373,775,864.695566
492.366375,1000,866.905533
286.576844,320,867.352908
259.437219,309,867.783604
39.324165,56,867.861895
514.871315,1000,870.068303
76.16228,79,870.179062
852.790081,1000,871.577845
102.507948,79,871.688148
264.570647,294,872.098735
398.243014,376,873.425941
292.725856,339,873.898931
969.7025,1000,875.294425
608.191469,1000,877.497192
555.619387,1000,878.905399
457.414573,1000,881.115628
487.46869,1000,882.525719
102.645332,157,882.747765
52.575478,102,882.891917
141.988163,204,883.980196
15.400238,23,884.012504
250.164052,383,884.54788
352.91108,444,885.167533
693.394457,1000,886.56811
928.411784,1000,888.768426
357.646613,378,889.296128
888.008168,1000,891.492373
859.456871,898,892.747174
903.146278,984,894.121031
404.727277,527,895.658443
351.550897,438,896.269598
553.274469,554,897.043093
122.706481,174,897.286674
631.890314,1000,899.485011
198.135158,212,899.78141
782.041068,797,900.893706
1111.536003,1000,903.52328
1125.319398,1000,904.779428
927.683867,1000,906.035778
920.884116,1000,907.288175
1099.876678,1000,908.542547
861.227835,822,909.573428
1215.609106,1000,910.830329
452.776149,422,911.359001
73.393139,81,911.46051
861.787214,810,912.478338
1022.338719,1000,913.731985
1169.835173,899,914.858275
309.082485,356,915.304715
706.933247,1000,916.566305
1136.018001,1000,917.823081
448.485753,499,918.448405
402.422424,336,918.870467
1061.769826,1000,920.126661
824.122531,766,921.090938
911.127809,1000,922.352797
576.793639,1000,923.623469
1003.244727,1000,924.876453
412.55365,367,925.336248
845.787825,1000,926.589957
422.078275,401,927.092731
841.516021,717,927.991219
1061.468732,1000,929.244501
476.776063,454,929.81544
940.312384,1000,931.072278
916.486095,1000,932.325572
1025.375604,1000,933.580313
999.761603,1000,934.834506
1035.828948,1000,936.086607
1014.152126,1000,937.342481
1099.357386,1000,938.600788
969.474776,1000,939.853935
1024.316995,1000,941.110595
1084.85304,1000,942.365727
892.093929,1000,943.629287
815.069863,771,944.596956
1060.973467,1000,945.853024
1173.710342,1000,947.109103
559.553905,1000,948.382475
1069.375098,1000,949.636355
931.161992,1000,950.88751
1111.48675,1000,952.141921
420.20765,359,952.592741
1036.20806,1000,953.847946
103.005992,108,953.983185
1143.501949,1000,955.23842
