#{"t_start": 1769418506.2623384, "env_id": "CustomHopper-source-v0"}
r,l,t
45.583807,39,0.050165
5.28127,14,0.066961
5.509603,13,0.082417
4.180464,11,0.09546
6.499965,9,0.106261
4.758691,9,0.116728
6.869045,17,0.136872
36.931817,32,0.17497
4.841734,10,0.186612
3.638417,11,0.199731
4.618294,10,0.211513
113.57994,61,0.28368
2.512064,22,0.31004
78.865431,50,0.369726
6.132018,10,0.38152
4.530441,11,0.394584
33.566106,27,0.426481
-0.006639,23,0.453945
7.244349,24,0.482546
7.173087,10,0.494552
7.930988,11,0.507425
6.794259,11,0.520359
7.181852,20,0.544209
10.582708,20,0.568231
6.094301,14,0.584831
17.275871,17,0.60505
9.929958,14,0.621835
10.362614,14,0.638549
11.505646,14,0.655347
15.169348,17,0.675644
11.643411,17,0.695863
6.34234,14,0.712592
10.896084,14,0.729275
10.488524,25,0.758957
12.045274,18,0.780864
14.946323,38,0.826258
5.286059,10,0.838205
14.198672,15,0.855886
11.669057,16,0.874977
5.846635,12,0.889092
5.742664,9,0.899772
29.290455,25,0.929466
36.761542,28,0.962625
15.139701,23,0.990365
6.53177,16,1.009603
13.518952,22,1.035992
17.269585,17,1.056403
31.271835,25,1.086036
12.577531,16,1.104908
5.605868,12,1.119239
3.962724,14,1.135828
11.082333,21,1.160765
8.526427,15,1.178893
23.355203,22,1.204984
13.922748,20,1.228858
8.987483,13,1.244198
6.69305,11,1.257089
9.495147,12,1.271263
10.9775,17,1.291374
11.397715,14,1.307843
12.684745,23,1.335148
9.898647,13,1.350395
1.758781,11,1.363493
5.510815,12,1.378231
6.790358,11,1.391168
61.144159,42,1.4406
2.484359,20,1.464682
4.753068,10,1.47652
9.220342,18,1.497868
2.734172,12,1.512133
10.382724,13,1.527398
15.164916,18,1.548537
4.990069,14,1.565216
28.744622,28,1.598979
66.352465,43,1.650012
19.563176,19,1.672746
4.474076,8,1.682496
4.950973,10,1.694373
6.140691,10,1.705982
13.26101,25,1.735817
19.527851,27,1.768192
29.226696,32,1.806776
6.731505,26,1.837636
5.889676,12,1.85182
4.748754,16,1.870832
10.227342,17,1.891004
6.730964,14,1.907675
8.405873,13,1.922797
3.314698,19,1.945459
9.034704,21,1.970484
20.105082,20,1.994475
9.897952,26,2.025154
8.429841,16,2.04411
34.161003,29,2.078413
8.826201,14,2.094943
13.222007,27,2.127263
8.15925,11,2.140112
15.662104,18,2.161604
5.235639,12,2.176246
7.703247,14,2.19285
27.937711,25,2.222156
11.041931,14,2.238779
15.988809,30,2.274601
4.864847,11,2.287673
11.220888,27,2.31959
9.346705,21,2.344535
5.09926,10,2.356329
26.530991,25,2.386123
6.17568,10,2.397836
20.250048,20,2.421665
10.417068,12,2.435765
15.69815,22,3.282861
5.6402,13,3.298828
24.444852,27,3.331373
5.585491,15,3.349463
5.476195,12,3.363749
19.833212,20,3.387823
45.796884,40,3.436342
98.767015,69,3.518681
37.485337,41,3.568149
60.296113,42,3.618523
8.692407,17,3.639066
9.859888,13,3.654688
18.50902,34,3.696114
13.024183,14,3.713019
22.89523,23,3.740787
15.341705,23,3.768508
5.615249,12,3.783061
20.108865,21,3.80835
37.26275,42,3.859261
91.261386,55,3.925207
32.721063,27,3.957688
28.74653,32,3.996009
17.87509,17,4.016659
5.899422,15,4.03478
5.400343,11,4.047893
46.279119,34,4.088732
242.632186,127,4.240882
13.055616,16,4.260268
15.815871,20,4.284248
7.581002,16,4.303475
8.462669,13,4.319212
22.094769,22,4.345612
18.131479,25,4.375838
14.541116,17,4.396439
7.256361,14,4.413273
8.676302,15,4.431782
67.720603,39,4.478756
9.48207,13,4.49437
14.587948,25,4.524441
17.968905,18,4.546051
18.321182,22,4.572654
49.631083,47,4.629592
7.541321,29,4.664311
5.117791,9,4.675085
12.882971,14,4.69201
18.987773,22,4.719179
15.572886,19,4.741797
8.896273,20,4.765822
2.541127,17,4.786295
20.860312,22,4.812562
55.532048,35,4.854623
11.794662,14,4.871652
53.705553,39,4.918255
14.566639,18,4.939826
68.119411,54,5.00538
22.462269,20,5.029644
11.334607,16,5.048648
4.731154,15,5.066638
72.937609,46,5.122
18.714797,31,5.159371
6.717173,18,5.180956
59.861425,60,5.253266
64.196243,43,5.305097
9.624723,16,5.324332
44.632378,41,5.373399
19.778538,21,5.398758
6.166714,14,5.415438
27.552037,23,5.443332
7.432916,11,5.456648
10.950702,20,5.480562
10.035374,14,5.497211
87.011738,65,5.575243
17.30953,23,5.602758
8.133409,26,5.634248
90.018677,60,5.705976
7.177494,14,5.723192
117.142739,63,6.609945
11.560061,22,6.635892
132.917611,87,6.737916
110.890623,67,6.816148
8.422326,14,6.832602
124.80878,67,6.91016
158.986509,93,7.018442
28.518366,26,7.048531
142.112079,75,7.135615
27.647813,24,7.163499
59.392827,35,7.204288
78.25296,55,7.26834
93.106159,51,7.327883
7.151301,12,7.341554
50.527367,38,7.385643
9.552181,13,7.400617
68.927139,40,7.447163
8.273989,15,7.464827
100.681479,58,7.531884
33.266428,28,7.564672
122.511135,73,7.649804
12.731023,17,7.669626
49.555052,35,7.710174
67.631637,40,7.757354
24.150796,27,7.788842
13.305294,16,7.80762
37.765486,33,7.846266
17.708218,41,7.894327
134.125593,79,7.986179
15.746517,20,8.009285
7.410795,12,8.023122
11.333365,17,8.042964
10.754812,13,8.058025
31.398464,26,8.088399
24.325383,24,8.116431
154.276606,108,8.24193
56.081558,43,8.292039
65.754522,56,8.357242
165.512644,124,8.503376
66.618055,57,8.571263
110.967946,67,8.650936
9.073881,31,8.687844
12.922509,16,8.706579
71.459,50,8.766201
67.265624,45,8.818705
85.482981,47,8.874434
17.941623,21,8.899431
73.997209,48,9.761985
72.316849,43,9.812412
93.443498,80,9.905109
6.830653,15,9.922647
92.244902,50,9.982348
126.070012,71,10.067058
16.784308,29,10.101571
19.422239,19,10.124361
74.921268,43,10.175472
142.141337,89,10.28182
167.580072,94,10.393206
122.722609,62,10.466673
152.767214,85,10.567263
123.133335,78,10.65773
47.415974,35,10.698423
73.740556,43,10.748201
77.262944,51,10.808051
109.236743,66,10.885515
89.981779,53,10.946706
47.80246,34,10.986463
75.810682,45,11.038793
59.712797,36,11.081067
102.317115,55,11.144881
16.961789,17,11.164727
31.875349,29,11.198465
85.665512,58,11.265394
57.841299,58,11.332935
142.133171,74,11.418301
10.09319,18,11.439273
123.241476,63,11.512243
187.451515,84,11.610382
33.817672,31,11.64644
30.427946,27,11.678009
80.899234,44,11.729487
136.900058,77,11.820865
213.391034,105,11.943383
12.584115,18,11.964537
61.192667,37,12.007693
30.316696,27,12.041049
105.129804,58,12.108496
17.153487,20,12.131684
140.110806,68,13.025605
116.11493,95,13.137059
116.687182,63,13.210073
84.035474,47,13.265333
71.569978,48,13.321149
64.320464,42,13.369944
61.83051,37,13.413038
184.535332,89,13.516272
220.748539,104,13.637221
86.43034,48,13.693243
210.997214,100,13.809801
101.720117,71,13.892583
178.39079,90,13.997779
66.95058,42,14.047054
97.74991,58,14.116013
103.404268,59,14.184831
158.348047,75,14.272154
75.354562,44,14.323615
146.805828,73,14.408889
72.542923,45,14.461666
108.219765,57,14.529639
80.19544,46,14.584757
213.869638,92,14.694801
166.127972,81,14.790814
228.373387,124,14.939044
179.124274,98,15.055558
94.694782,50,15.115231
73.460802,48,15.171494
160.346429,76,15.261452
71.487259,43,15.312662
132.143776,63,16.190239
229.670431,99,16.306269
95.751034,53,16.367919
59.735953,36,16.410608
114.629888,58,16.477995
111.421251,61,16.549171
245.468656,114,16.681398
132.447388,67,16.759725
16.575614,19,16.782025
71.267653,41,16.82964
208.493165,90,16.934037
86.705228,50,16.992189
102.71103,54,17.05548
220.560582,96,17.1667
127.10938,65,17.24179
146.658486,74,17.327723
184.122503,81,17.421192
194.192627,105,17.542693
99.730722,65,17.619088
100.86327,54,17.682055
160.764846,75,17.769515
94.186866,51,17.830215
194.486597,97,17.944242
157.135567,74,18.031745
114.394465,64,18.107314
110.611516,59,18.175379
169.295813,78,18.265414
210.416857,93,18.373296
94.588371,52,18.433403
161.575172,78,18.523845
209.41445,92,19.446348
111.275788,60,19.517842
79.623268,43,19.569147
92.396713,51,19.629647
61.637587,37,19.673283
171.455081,78,19.766537
193.3559,90,19.87323
111.362841,59,19.943215
140.101146,74,20.031096
44.965701,33,20.071055
43.628077,32,20.109523
216.772696,92,20.219534
218.337801,96,20.333724
182.409576,91,20.441803
104.063667,54,20.50618
153.796241,79,20.600093
79.162979,45,20.654181
118.424494,65,20.73136
119.920398,61,20.804847
221.846776,93,20.916049
130.950946,79,21.010452
165.064359,76,21.100768
110.631036,60,21.173048
140.879073,68,21.254846
165.332433,84,21.354342
108.170181,64,21.431784
129.015983,66,21.510917
84.681156,46,21.565913
166.610436,85,21.667699
171.367457,78,21.760771
218.372916,91,22.684005
203.575728,98,22.801495
213.939447,94,22.915017
149.277054,73,23.003007
124.936479,64,23.079536
245.895966,119,23.221686
103.952467,55,23.287648
145.26507,71,23.372583
71.018499,42,23.422639
198.419518,89,23.528076
205.420303,89,23.634086
222.948434,96,23.749541
213.852274,100,23.869855
169.564529,79,23.964414
208.49148,95,24.078661
233.452179,100,24.19551
212.332884,91,24.300924
212.970163,92,24.40799
206.316436,92,24.51447
205.70239,89,24.617646
132.428799,81,24.710919
238.748487,111,24.840092
179.932597,93,24.947891
227.829407,102,25.883327
235.858253,121,26.029591
212.941814,94,26.142979
168.942741,78,26.236569
49.330156,33,26.276111
133.990098,66,26.354216
221.847801,99,26.472051
150.188157,73,26.558908
217.117736,97,26.674579
225.287562,101,26.794848
130.630644,65,26.871544
124.744138,68,26.950288
209.532238,93,27.058623
202.377183,89,27.161843
215.360539,95,27.272754
188.013273,89,27.375961
127.264123,67,27.454093
212.524675,90,27.558939
213.178139,92,27.667012
198.027367,89,27.769483
212.95787,91,27.876832
213.405396,96,27.991039
225.634703,100,28.107283
217.135646,94,28.216357
188.466456,86,29.137407
225.7616,106,29.265504
214.138131,98,29.382608
228.454054,114,29.519504
151.50333,76,29.617335
213.605976,93,29.733169
210.744206,91,29.844913
230.615002,102,29.968813
210.403539,98,30.086373
234.174229,107,30.215203
103.877695,56,30.284131
248.814317,106,30.413399
216.234856,89,30.520962
208.756912,91,30.631328
203.759333,89,30.739842
226.426631,100,30.860877
218.468584,102,30.983523
201.789168,89,31.089956
214.80572,92,31.200258
240.430811,104,31.325496
46.186869,32,31.364111
208.882638,91,31.472254
215.410902,93,32.416622
207.770599,89,32.523848
212.021086,92,32.634057
224.112028,101,32.758247
205.692681,90,32.867944
168.695919,82,32.967807
86.194997,50,33.028284
185.700362,91,33.137748
240.134097,103,33.261843
243.034486,104,33.38699
106.033308,55,33.453686
216.014666,92,33.564432
159.609136,74,33.650456
228.001208,98,33.768055
223.23137,101,33.885548
243.637379,114,34.022533
241.247308,106,34.148242
191.053844,89,34.250853
242.245513,105,34.373474
66.011446,39,34.418906
77.080064,46,34.472087
140.963484,67,34.549692
109.864495,58,34.619416
53.872935,39,34.666441
224.975367,99,34.788676
105.315638,58,34.85823
258.318678,112,35.835857
224.590028,94,35.949467
195.605362,87,36.051198
196.369642,86,36.176016
219.314289,95,36.28996
226.38454,100,36.407994
255.666345,113,36.54136
212.524135,92,36.652076
211.284727,93,36.763799
240.518275,113,36.900124
228.945978,105,37.026364
224.436978,96,37.14137
223.067047,95,37.255682
209.442543,95,37.369933
19.883985,18,37.392193
226.433082,98,37.510374
184.56093,84,37.612132
236.182681,108,37.743148
236.968207,108,37.873386
209.509439,90,37.983147
132.104372,69,38.066086
169.736842,80,38.162246
215.327445,96,39.10441
225.385102,102,39.228393
201.014356,94,39.342201
157.445955,82,39.441769
253.875488,111,39.577047
220.012516,98,39.695479
195.929818,89,39.803394
208.674735,98,39.921952
232.079302,102,40.046388
229.267687,97,40.163379
195.473278,86,40.269124
168.012263,82,40.368445
194.37443,85,40.470624
265.21329,134,40.633696
213.896609,96,40.748232
77.277645,45,40.800249
215.724204,93,40.910479
213.970558,92,41.020573
204.695901,91,41.128237
250.347073,119,41.270447
221.712379,96,41.390013
237.930468,111,42.37686
250.602322,104,42.501923
215.703683,98,42.620328
212.010713,95,42.735183
214.764823,96,42.850013
200.443813,88,42.954208
208.367903,94,43.068412
220.311495,101,43.190727
246.297784,101,43.313749
241.811425,102,43.434257
200.150726,87,43.537441
215.671404,102,43.660992
267.71105,113,43.795974
193.464992,86,43.89934
248.696603,103,44.025291
209.949035,95,44.139199
224.49438,93,44.251399
225.679363,100,44.372182
192.422869,88,44.478313
201.686872,88,44.58085
250.808916,116,44.716619
223.646955,99,45.685656
220.715036,98,45.802388
216.716134,92,45.913105
212.786722,92,46.02409
218.253609,104,46.149495
200.066492,86,46.252576
221.449928,94,46.365396
224.212868,100,46.484563
259.378635,110,46.61636
204.27616,89,46.723443
218.958943,95,46.836308
259.515576,118,46.977214
193.966156,89,47.084997
199.460327,88,47.189653
197.499875,93,47.299881
279.520298,112,47.430891
219.960632,98,47.546792
210.964857,95,47.660658
313.327323,129,47.809475
223.139236,104,47.929913
234.8005,112,48.063825
226.901739,99,49.02058
249.178419,110,49.154661
221.526494,99,49.274681
250.830794,108,49.405556
263.152115,109,49.537761
227.398105,98,49.657698
237.849355,103,49.781313
218.242053,98,49.895231
213.050316,97,50.00917
266.038786,117,50.144241
236.902524,103,50.267986
233.682518,106,50.394771
220.353798,97,50.511827
214.461593,93,50.624011
239.46537,110,50.756436
301.530292,124,50.904334
252.030163,108,51.035675
304.139303,125,51.184824
206.822917,90,51.29303
269.982139,112,52.245239
287.871256,118,52.385555
268.538399,110,52.517197
284.615756,125,52.666847
195.492808,91,52.776223
250.77538,102,52.898398
213.20079,94,53.010966
315.928502,127,53.161255
260.609826,108,53.290193
267.903841,109,53.418814
232.520329,98,53.533
242.848826,100,53.649013
308.09399,125,53.794353
318.804724,128,53.942486
223.50244,98,54.057383
223.265008,100,54.173618
291.348151,118,54.310118
236.763569,116,54.446166
247.454149,108,54.57265
272.014041,121,55.520044
213.677019,94,55.633267
207.87342,96,55.74786
325.894659,130,55.902397
351.773116,136,56.066067
290.03505,123,56.213413
208.924728,90,56.321298
289.837402,124,56.469614
325.25804,140,56.637553
164.969842,76,56.729105
336.78795,144,56.901068
314.651657,134,57.062392
210.372705,94,57.175127
166.954736,79,57.269682
252.199469,113,57.405632
296.77281,127,57.556773
245.132741,109,57.68808
299.199929,117,57.825808
259.04004,117,58.770961
322.029027,130,58.924058
292.574052,115,59.060239
265.335146,112,59.192723
305.518313,130,59.346016
274.076591,113,59.478403
331.317764,139,59.640049
289.661247,118,59.777523
304.251149,119,59.915173
286.608269,121,60.05494
287.522487,122,60.196162
277.078576,122,60.337847
291.252164,121,60.477772
305.941647,124,60.621909
274.969443,117,60.758292
287.48497,120,60.896423
336.887459,137,61.05546
322.631533,133,62.006639
317.744052,130,62.157767
306.05723,126,62.303808
339.691593,146,62.472794
308.171541,137,62.631303
316.020194,131,62.783225
330.508497,137,62.941906
315.715584,126,63.089262
317.232365,141,63.251431
310.328077,131,63.402814
320.129714,123,63.545431
290.385312,128,63.694164
303.504489,131,63.845855
342.87157,137,64.0044
328.629112,132,64.157359
362.255838,133,65.132896
315.991586,133,65.288528
315.837181,131,65.439285
309.809906,125,65.583429
317.652627,143,65.748919
298.601838,128,65.896463
316.136717,133,66.050286
325.394794,135,66.207001
319.385675,129,66.355756
294.886672,126,66.502702
346.193474,136,66.660424
311.638923,135,66.818552
303.083737,131,66.970875
278.405899,124,67.115377
338.493581,133,67.268521
277.092122,121,67.408638
335.818463,138,68.381537
297.033523,132,68.536984
269.500947,119,68.676315
189.479178,95,68.786503
234.546891,120,68.925285
365.321759,135,69.080678
331.316921,135,69.236452
322.157295,133,69.393466
352.915241,142,69.563364
308.026072,124,69.712944
305.532333,134,69.874421
239.015801,106,70.000336
325.461218,133,70.15828
333.607447,134,70.31716
289.280346,115,70.453222
180.831919,86,70.555724
313.709632,137,71.529027
261.988829,112,71.662811
326.381981,135,71.824172
329.915375,126,71.969838
86.568895,50,72.030085
343.344898,137,72.1897
306.32089,126,72.336204
386.519284,153,72.514468
280.704238,110,72.641392
337.152342,144,72.809273
308.333002,121,72.949793
310.128477,131,73.101866
320.28129,140,73.264464
84.202031,50,73.323031
330.797519,137,73.484448
317.960416,135,73.644542
67.795792,41,73.69338
343.630924,153,74.692945
291.483887,117,74.828629
309.607586,131,74.980012
216.808717,92,75.087357
394.74071,156,75.266945
319.889487,135,75.421951
351.413561,134,75.57652
358.776878,144,75.74496
328.71737,139,75.906701
167.244919,79,75.998621
324.651519,139,76.159968
190.320609,94,76.268854
322.656708,143,76.433857
317.231359,139,76.595325
324.441403,123,76.737987
311.31781,127,76.886269
296.143308,122,77.027951
327.393126,143,78.007269
303.373148,122,78.150404
288.994352,120,78.288471
288.73111,125,78.432494
324.948476,134,78.587202
320.295486,123,78.729803
326.808027,134,78.884864
160.130395,77,78.974519
213.372638,94,79.083882
295.991383,122,79.22531
316.43211,121,79.364219
298.999787,118,79.50081
231.064045,103,79.62017
324.871595,130,79.77002
345.22073,138,79.930414
359.296526,137,80.088982
342.89809,133,81.040451
334.462817,125,81.186207
269.631554,109,81.316687
272.228299,115,81.454238
319.470749,121,81.596288
332.351627,130,81.746125
368.5138,143,81.912083
337.398438,131,82.063572
307.038972,124,82.209486
205.862606,90,82.315611
339.506888,126,82.463428
334.588318,130,82.613896
350.213056,131,82.765967
326.734935,127,82.913859
352.731904,138,83.074015
311.49904,123,83.215973
322.746269,121,83.356161
351.985507,137,84.343127
337.017421,133,84.497305
340.932654,134,84.652896
359.432915,130,84.802408
157.774183,74,84.887554
343.375112,129,85.037133
326.721021,143,85.204637
321.583883,123,85.346235
325.992108,125,85.491741
316.24566,134,85.646915
330.826146,125,85.791801
309.905982,120,85.931465
214.88226,93,86.040917
323.57735,137,86.201018
228.577984,103,86.320536
342.762966,125,86.464921
377.01415,138,86.62534
352.752606,136,87.602367
241.16846,112,87.732327
368.297996,133,87.887757
376.540881,136,88.047579
358.290557,139,88.20874
316.8483,122,88.3499
354.786873,137,88.508846
362.536859,133,88.662506
353.913654,129,88.812533
361.232723,132,88.966127
344.849588,141,89.129832
368.023403,134,89.286735
309.754857,131,89.438365
319.165031,126,89.585221
392.319868,142,89.74967
313.295551,119,90.706292
340.854078,126,90.856991
344.502916,126,91.006174
344.26678,132,91.163196
313.755109,117,91.302773
365.474512,135,91.462862
365.440037,142,91.631833
335.869673,126,91.78156
354.961402,129,91.934928
331.290367,122,92.079894
319.475762,131,92.235414
357.748118,146,92.408665
352.507087,133,92.566124
356.827515,136,92.726536
355.596771,129,92.88052
353.424235,129,93.033475
318.071184,130,94.006426
331.154046,123,94.153564
344.595937,124,94.301272
363.900081,137,94.464224
634.449349,215,94.713994
352.831322,127,94.861386
367.763429,134,95.016836
341.037284,127,95.163834
248.880861,105,95.28586
350.871789,133,95.440047
392.203745,141,95.602935
353.250416,128,95.751442
339.807153,124,95.896613
348.799832,128,96.045405
419.960692,148,96.216833
360.155254,129,97.200741
365.400335,131,97.356697
379.674891,138,97.519736
327.831079,120,97.662447
338.29048,122,97.80812
387.398457,132,97.96543
308.853644,112,98.098266
344.614394,123,98.245014
498.406066,179,98.457008
226.745218,92,98.566651
385.642901,135,98.726076
371.457085,132,98.883655
355.829568,126,99.032718
212.868998,92,99.142894
347.085495,134,99.302739
332.571563,121,99.446794
289.56002,107,100.416628
361.195615,129,100.570185
362.438592,127,100.720368
389.583097,134,100.8796
369.931496,131,101.035368
363.72396,130,101.189302
401.459972,152,101.368921
369.506681,133,101.526334
301.649096,113,101.660673
352.352846,124,101.809602
372.401694,130,101.964196
367.671974,133,102.121934
383.006943,133,102.279499
334.188946,123,102.42526
358.835731,130,102.579214
368.914705,136,102.740527
379.999722,137,103.713849
376.101543,134,103.870211
405.570495,141,104.035936
387.121149,138,104.195759
356.80525,133,104.349818
373.935215,137,104.509318
369.488792,130,104.660592
372.836576,132,104.813978
373.143046,134,104.969087
349.978576,124,105.112726
367.938691,135,105.269099
371.578719,133,105.422876
370.15794,135,105.578615
345.510361,135,105.734658
421.095547,147,105.905112
323.913654,117,106.853413
326.515095,136,107.011537
322.314593,117,107.146846
441.664189,153,107.323558
368.582704,136,107.481072
387.746561,142,107.645536
379.679092,134,107.801769
380.84221,141,107.964925
354.193151,129,108.114085
449.550794,161,108.299889
420.431395,157,108.48102
359.235701,134,108.63676
409.131423,143,108.802369
353.114545,132,108.955977
543.543717,188,109.173546
372.242111,133,110.167501
384.546081,134,110.328041
368.069338,129,110.480763
395.114276,140,110.646798
376.756157,133,110.804221
370.246166,143,110.974384
389.090068,150,111.152241
389.672032,137,111.316019
430.149702,149,111.492217
494.180207,167,111.689914
512.409261,177,111.899168
190.479141,85,112.000188
379.662168,136,112.161658
380.851272,139,112.327348
575.309926,191,113.393125
380.103253,135,113.553101
423.797298,153,113.73444
396.484375,143,113.905085
403.966184,139,114.069568
592.52816,199,114.304838
400.858667,139,114.46958
386.323844,136,114.631868
592.683664,195,114.866389
584.995204,199,115.101399
397.700393,141,115.268741
468.01472,158,115.45621
517.62053,185,115.675689
578.91759,188,116.755009
254.682703,100,116.874909
410.024813,142,117.042452
393.203341,140,117.207943
552.341791,190,117.43241
204.309018,91,117.540376
551.826448,181,117.753284
369.314039,129,117.90748
395.866463,148,118.082313
384.215034,136,118.242833
298.935758,125,118.389408
657.030837,219,118.648754
416.036617,143,118.817614
414.324758,149,118.99148
503.654315,178,120.02903
452.963497,158,120.214622
400.890163,141,120.379951
385.086414,136,120.54019
556.635006,191,120.764444
525.297742,174,120.969421
528.236118,179,121.180487
329.501725,127,121.32971
433.429857,151,121.507499
398.189142,136,121.667785
605.754813,201,121.904892
396.893868,139,122.069062
619.095467,206,123.125348
583.895721,191,123.346485
387.731693,138,123.506619
385.477507,134,123.662357
387.948735,136,123.819901
347.846212,143,123.98865
419.606011,149,124.161661
623.425657,208,124.40282
575.857072,189,124.621283
613.110325,204,124.856561
427.435373,152,125.033075
436.652445,148,125.203829
418.151702,143,125.369453
604.674688,192,126.417226
395.11538,144,126.588832
807.99392,261,126.897696
243.981399,98,127.014986
596.908167,193,127.2436
318.323995,134,127.402894
534.169667,194,127.633863
534.703783,176,127.841161
670.701235,221,128.102499
496.640664,178,128.313506
633.033441,202,128.553754
638.641226,218,129.626529
662.453598,225,129.889626
543.069338,185,130.102638
657.843297,206,130.348101
397.268189,139,130.509472
399.744784,148,130.680761
406.472866,141,130.843808
525.533894,181,131.052701
455.11076,159,131.23719
561.54271,190,131.455886
574.815341,190,131.675132
558.095163,184,131.887031
823.003769,258,133.012038
591.068,208,133.252454
495.077508,205,133.487614
660.583748,210,133.728486
611.955281,197,133.954756
410.562339,148,134.124981
923.758162,303,134.472922
359.901915,151,134.648476
654.356468,212,134.892227
853.088841,274,136.027253
620.415605,204,136.270377
645.633787,200,136.507355
387.666197,134,136.667207
566.274433,181,136.881544
404.172935,139,137.047855
623.350803,209,137.295729
390.770571,133,137.448771
395.158611,138,137.60781
624.287726,199,137.836506
189.616289,87,137.939284
914.904084,305,138.292011
841.915268,266,139.410058
798.818183,267,139.717061
442.8473,151,139.890882
684.675653,225,140.1509
427.197236,146,140.318618
623.171118,228,140.581554
598.398262,201,140.812845
741.732553,234,141.082327
597.371158,190,141.309033
674.869651,209,142.377454
655.000126,207,142.621465
356.801314,157,142.80832
312.101024,134,142.966278
674.669604,215,143.213276
295.551536,129,143.361786
379.664431,136,143.518443
625.85654,208,143.757673
259.417707,129,143.906945
532.672704,178,144.111343
297.626897,130,144.262857
359.394022,142,144.425667
833.307551,288,145.574475
950.707841,322,145.944257
806.482446,259,146.242183
548.469428,193,146.46467
631.4781,203,146.698538
422.428983,145,146.866449
279.250842,123,147.009054
685.220327,217,147.259158
950.608779,299,147.602822
391.031254,134,147.757447
508.062001,209,148.81243
799.879307,290,149.147603
317.588655,136,149.308888
417.783576,141,149.475886
234.606473,105,149.600525
647.463478,216,149.855683
473.910002,171,150.057355
429.66753,146,150.228885
278.482688,128,150.37887
481.941849,208,150.618465
370.563491,138,150.777689
780.452359,254,151.900346
650.192139,206,152.14088
720.93706,231,152.40647
525.63892,171,152.606291
961.472444,309,152.970271
686.508932,222,153.230445
556.131898,222,153.491285
523.901457,178,153.699028
798.571254,255,153.999672
393.15156,136,154.160982
380.867118,133,155.152622
628.54785,216,155.406671
608.060473,225,155.670688
684.941834,217,155.925861
673.767148,211,156.173456
576.363389,192,156.397301
630.703132,200,156.632078
393.555883,137,156.793586
302.468455,130,156.946901
543.659252,212,157.195405
253.191074,104,157.317006
672.435284,217,158.408552
609.772282,193,158.636082
874.435386,277,158.961769
741.545452,235,159.237225
578.589736,189,159.459085
717.890738,226,159.723958
921.136275,293,160.067662
963.46371,312,160.432412
631.505834,198,160.664794
627.589829,196,161.729355
529.389461,174,161.933426
522.570794,217,162.188419
591.528477,222,162.447604
394.227514,139,162.610587
376.415694,137,162.770345
486.298965,217,163.025305
670.041428,208,163.26844
575.937331,182,163.481247
618.70506,202,163.717968
666.061995,207,163.959428
653.467703,207,165.040904
584.170179,227,165.308804
568.170484,183,165.523916
397.162352,137,165.684973
791.650447,250,165.977763
590.062901,187,166.197379
277.402722,134,166.355229
670.001405,217,166.610147
687.184971,223,166.871969
347.970512,157,167.057306
823.85925,271,168.196012
1188.276971,394,168.659264
986.476795,325,169.041384
645.264092,224,169.303894
656.549846,204,169.543891
532.579671,178,169.752944
613.371317,193,169.979901
705.852881,228,170.248462
871.38341,292,171.401803
689.553827,233,171.670408
760.461316,254,171.964472
591.374975,201,172.196389
1132.237269,408,172.667153
649.508717,204,172.901772
1173.232876,387,173.34749
799.457305,258,173.643979
675.085424,211,174.728657
811.953318,266,175.042219
868.349064,295,175.391943
945.062831,313,175.760717
635.147767,200,175.998159
707.127015,233,176.272545
644.570785,230,176.544997
772.254268,248,176.837931
561.68813,200,177.881308
631.211734,199,178.116223
605.371927,204,178.356317
675.19568,214,178.607921
687.919666,217,178.863606
635.513157,202,179.102405
441.77834,174,179.307526
697.181636,219,179.565573
536.747395,173,179.768641
875.805998,274,180.091101
769.625734,249,181.188581
567.185436,186,181.403156
666.703403,210,181.64521
792.330313,247,181.929112
451.878249,153,182.107881
397.576805,136,182.264687
613.348011,192,182.486025
561.592434,184,182.696993
805.100048,263,182.999088
654.243429,218,183.249589
626.599485,206,184.297759
408.386835,141,184.461674
1146.163559,359,184.875476
872.234494,272,185.189979
550.779706,187,185.405769
612.841416,207,185.645472
944.991456,294,185.984216
464.278344,158,186.16616
913.332432,293,187.311429
602.525839,192,187.535042
869.971125,290,187.869529
645.961086,201,188.102817
861.530113,277,188.421403
591.211831,188,188.638954
832.551188,267,188.94763
669.407726,208,189.187942
644.281462,213,189.434163
571.198476,195,190.482742
1351.330276,420,190.976697
814.616445,240,191.257873
400.191684,140,191.422904
903.057356,284,191.757508
769.362504,247,192.048522
887.957014,270,192.365421
826.814099,276,192.689831
696.758879,217,193.785504
967.79748,304,194.144908
656.752852,203,194.383776
1058.68336,334,194.777964
792.527938,239,195.059524
641.121436,235,195.336226
639.652021,202,195.573969
678.493238,212,195.822335
627.563171,200,196.058835
842.273947,255,197.166694
665.777669,210,197.40945
660.104715,195,197.63427
657.236911,211,197.878126
610.339318,210,198.125806
663.11406,198,198.357198
814.083949,251,198.650815
780.067021,254,198.94873
554.071273,175,199.154968
1340.22602,437,200.498681
738.94735,227,200.764378
980.334092,312,201.130622
624.869797,206,201.372156
611.127179,193,201.595621
1163.335284,411,202.06809
1200.205692,390,202.518523
734.660446,228,203.592885
381.034971,152,203.768862
763.20962,230,204.033592
663.431228,206,204.271552
678.501515,210,204.513188
701.687471,222,204.774933
635.8103,233,205.049563
629.532056,199,205.284292
1224.352135,500,206.707838
959.926347,317,207.082278
1146.141479,500,207.670426
1129.749565,360,208.09563
661.947155,206,208.338612
236.36146,104,208.461941
985.846327,324,208.84395
584.243643,233,209.945201
1235.066261,390,210.408731
1293.906189,500,210.997868
188.814459,96,211.112347
1499.294823,500,211.699289
855.775829,270,212.017899
1156.799886,352,213.253398
1002.598162,310,213.619597
882.140768,256,213.922003
1386.941802,443,214.449089
627.229417,213,214.701041
954.044021,304,215.061312
893.244248,270,215.380152
786.097633,255,216.502028
637.74509,197,216.729879
1140.962993,500,217.307018
928.029829,284,217.63428
922.543823,303,217.985087
798.838188,245,218.267851
815.356801,242,218.545403
607.926895,192,219.603502
1361.585778,500,220.179762
1064.071792,320,220.547502
748.005032,220,220.798816
973.278472,305,221.150958
622.923008,193,221.372613
670.940392,209,221.613858
732.030352,232,222.695123
402.071255,141,222.85801
1370.451266,500,223.434774
1117.29804,345,223.839129
1060.753785,329,224.225695
1367.819275,447,224.750392
918.201611,267,225.064992
418.03198,145,226.045424
680.02019,215,226.294131
584.893977,189,226.511069
722.916902,232,226.779453
845.638342,262,227.082424
659.918118,201,227.314085
410.803536,156,227.49473
657.675902,194,227.722422
1013.271914,309,228.085742
850.386537,255,229.195743
1027.559562,314,229.558189
454.115452,154,229.736622
231.934851,98,229.850826
834.581778,266,230.157399
1292.081008,478,230.708467
761.682259,246,230.992884
805.553797,235,231.263532
631.023717,195,232.318176
1427.151987,444,232.839337
395.54002,137,233.001336
674.952084,217,233.255414
879.895468,277,233.579683
680.522262,212,233.828653
616.093351,200,234.06424
909.864673,291,234.406294
692.413126,210,234.653434
801.865465,247,235.750826
790.112503,259,236.052749
1220.39142,500,236.640998
419.33801,160,236.827958
688.047085,214,237.079792
875.725745,269,237.394947
757.563047,230,237.66348
1184.106717,374,238.949309
1184.777872,362,239.375458
802.501815,248,239.667836
744.137765,228,239.936506
541.964686,178,240.146846
628.187575,183,240.362519
774.415397,238,240.643392
992.665983,324,241.025506
1246.106561,388,242.287886
657.194313,217,242.536571
536.818651,161,242.721452
665.776868,212,242.966155
1521.445035,500,243.539605
856.678784,256,243.841468
803.124132,259,244.147477
922.452422,286,245.322125
273.369227,107,245.448673
838.103282,265,245.758906
683.187497,228,246.02773
647.077412,206,246.269172
1345.702654,500,246.85429
974.51989,308,247.215666
467.464349,155,247.396802
619.072335,191,248.449306
633.324611,194,248.678634
854.950692,280,249.008424
265.025647,113,249.141879
266.095023,110,249.271477
685.272101,219,249.528807
656.079271,209,249.777554
648.424877,193,250.001518
710.874487,231,250.269195
847.945434,256,250.565424
391.148474,138,250.725089
838.565055,265,251.853384
934.167537,303,252.213636
737.515623,231,252.488067
925.512359,308,252.853862
1022.199044,320,253.222649
646.849011,204,253.461414
641.113159,186,253.679324
799.730115,237,253.957791
987.430501,309,255.14397
985.566647,305,255.50703
681.373908,206,255.752284
667.556353,205,255.997502
721.929513,230,256.263781
672.505798,212,256.508287
920.815594,286,256.839369
634.145187,203,257.073532
774.784587,247,258.166313
1003.95209,340,258.567975
802.91075,256,258.870068
738.309425,236,259.151113
662.586675,197,259.384308
980.054275,313,259.754457
724.290863,241,260.039796
844.972609,261,260.348757
1196.338277,413,261.679068
532.199021,197,261.907758
284.704801,120,262.04683
783.452305,237,262.320901
650.505265,201,262.552617
815.900337,263,262.856078
1180.160042,413,263.333969
730.192411,220,263.587423
929.661558,302,264.756025
741.356043,228,265.022224
715.175493,233,265.298406
559.968908,171,265.499995
719.174509,236,265.778794
919.58063,317,266.154676
975.261445,304,266.511747
668.347257,212,266.76082
567.003349,188,267.794217
970.173401,314,268.160013
723.455448,236,268.432153
735.47208,237,268.708085
959.040619,300,269.061017
951.435085,299,269.41416
579.691306,193,269.642113
1330.135579,447,270.973815
609.785592,225,271.234787
719.235563,234,271.505639
680.695778,212,271.749732
1130.83861,369,272.177033
752.840623,246,272.46161
969.119219,361,272.877831
608.029297,190,273.098203
1046.062819,317,274.279302
609.730973,198,274.513204
990.39451,304,274.87071
1143.293346,338,275.268328
673.327792,218,275.524019
757.958233,243,275.809958
650.362023,192,276.039699
717.957719,230,276.311525
828.190131,286,277.491172
588.515055,225,277.756972
726.579926,238,278.038469
789.023317,248,278.331544
1398.735895,449,278.85879
622.35662,206,279.102782
549.637519,219,279.36075
1083.831729,357,279.78242
807.430248,266,280.934953
1203.519188,500,281.522662
731.322899,236,281.800999
891.443704,280,282.132014
945.286875,293,282.476553
886.93485,303,282.832279
1232.615289,409,284.123662
715.533708,233,284.39786
774.165997,242,284.684932
978.532684,320,285.06198
791.558684,237,285.341389
1482.600359,469,285.891849
937.463242,298,286.242893
1179.004018,382,287.512183
678.976285,215,287.765131
713.224545,222,288.028763
830.423526,259,288.335485
538.086772,197,288.567557
1449.18075,475,289.130391
639.845926,195,289.361629
965.694741,307,290.569627
815.949468,270,290.890122
740.385062,246,291.176002
844.775576,265,291.482308
788.75316,237,291.756198
499.590694,154,291.934847
1006.060821,324,292.311685
1257.943613,398,293.609804
652.951864,207,293.855328
895.422689,280,294.190083
734.276758,226,294.456363
674.019337,213,294.708939
756.200281,230,294.980919
687.62606,215,295.234769
791.728277,237,295.515076
1190.128916,380,295.962824
1055.450396,338,297.170341
968.20135,306,297.522703
775.193488,242,297.800916
1180.108912,369,298.225564
944.931667,301,298.572349
1127.010154,335,298.957715
692.994129,217,300.036082
871.286859,281,300.36426
1003.874943,298,300.709002
1248.427693,393,301.165386
886.247046,278,301.48622
833.83401,254,301.780219
1472.793782,500,302.366174
1485.437587,473,303.737103
823.793716,243,304.025529
1224.20661,384,304.479445
1562.28652,472,305.036755
1032.963313,308,305.398498
814.587265,247,306.539222
664.341225,206,306.783529
994.512773,301,307.139938
840.087604,259,307.446342
983.216493,306,307.807304
1576.862713,483,308.377505
815.458475,258,308.682635
809.744437,280,309.831147
1478.702358,500,310.423548
992.953515,314,310.794734
1227.513616,373,311.237756
629.592348,190,311.462528
1314.380872,432,311.973565
843.195901,258,313.126828
745.173167,226,313.393705
1190.389432,371,313.829883
864.228961,262,314.134205
1186.453559,361,314.549486
807.778128,243,314.836063
794.96722,235,315.114407
679.188005,209,315.35843
1550.289066,500,316.767393
1512.338478,500,317.354262
933.860354,287,317.693303
1254.790785,403,318.171691
1030.952874,323,318.550902
993.819365,310,319.754118
1335.80731,403,320.230243
812.84168,248,320.52151
1328.603143,432,321.033209
655.788084,195,321.265091
611.486569,192,321.491968
1415.611197,500,322.929524
1061.349723,337,323.334268
769.822436,240,323.618406
1412.110668,500,324.211544
1429.649704,500,324.801779
1474.701692,500,326.230506
1508.73592,500,326.818548
1037.080173,310,327.182546
1028.427226,314,327.551975
623.063141,199,327.785901
826.700266,242,328.072692
893.62973,276,329.229776
1133.143882,357,329.651579
859.954867,263,329.963203
1569.383996,489,330.541642
965.200425,297,330.891702
1130.167533,355,331.311019
1545.397657,500,332.71278
769.65066,228,332.976797
808.338328,236,333.250904
1095.831994,340,333.646429
781.709799,230,333.919695
1020.708561,302,334.286464
762.51449,231,334.559731
678.768997,208,334.807503
1307.998354,407,336.134019
1359.650671,421,336.632702
795.957149,235,336.911174
1049.035859,319,337.289403
725.39234,216,337.547989
885.104527,261,337.856945
768.69394,231,338.132451
1569.681972,500,339.57689
920.640377,281,339.911009
786.514627,236,340.189542
974.054883,306,340.54897
796.895282,239,340.83217
802.810711,251,341.129465
830.756068,249,342.254696
784.924064,232,342.528677
1359.099507,422,343.026158
1264.399323,394,343.489372
678.347698,240,343.771648
1506.487138,469,344.326831
891.218631,263,344.637152
1011.669514,305,345.81848
941.96288,285,346.154386
847.909737,245,346.442498
1369.022149,408,346.922575
643.230889,231,347.196334
742.660508,228,347.463953
613.510176,233,347.737757
1049.075091,307,348.937881
1578.00015,500,349.527005
342.636083,144,349.697517
1124.962514,359,350.120223
1126.432956,334,350.513113
1030.716866,380,350.959731
1464.549455,441,352.307884
698.679106,213,352.557693
923.776242,281,352.887062
735.273164,221,353.147305
1162.283592,343,353.548444
1066.786837,328,353.934113
1140.462567,332,354.328038
1159.698739,360,355.594515
1607.415645,484,356.164849
1443.599587,500,356.758287
1101.892164,337,357.16129
1140.948674,361,357.585204
918.285288,270,358.733263
1249.543285,392,359.195559
888.811287,294,359.541333
1389.163006,416,360.03276
1205.208766,384,360.484
1006.443344,304,360.841633
1126.341102,341,362.091533
1064.197607,327,362.477604
649.897523,209,362.723987
1105.600416,350,363.136769
1399.827235,420,363.631633
828.548392,257,363.935382
786.360656,234,365.058031
1080.289938,328,365.44583
1136.044907,366,365.876467
1411.44033,453,366.416498
1047.430385,319,366.794487
827.84827,287,367.132519
1088.973063,329,368.371125
1060.516015,312,368.740705
1162.554868,359,369.166066
944.122126,297,369.518259
1048.549955,315,369.88969
1063.759812,328,370.278945
1148.410865,353,370.69693
1530.709002,500,372.136222
906.335303,280,372.468275
941.147801,293,372.815037
1527.33099,500,373.407695
1140.912704,362,373.834842
1610.250495,495,375.268125
1539.198123,500,375.859377
1628.123208,489,376.434604
882.828792,262,376.743185
1142.318547,347,377.152291
1143.87667,345,378.366113
904.035319,276,378.683555
1375.555406,427,379.17869
749.33517,264,379.483104
1553.590099,500,380.063155
1146.724124,349,381.289044
1239.188415,361,381.722748
1084.571003,321,382.092239
1353.845688,416,382.570069
1504.198374,457,383.09677
917.27296,275,383.412724
1404.195604,435,384.757057
1050.660244,326,385.142721
892.360539,266,385.458423
1196.856216,345,385.865382
947.739912,273,386.188652
902.324929,273,386.509614
896.268516,265,386.821043
893.879672,259,387.972394
927.53893,295,388.322039
895.338249,271,388.641607
640.303298,200,388.877593
1211.744065,365,389.308164
958.411852,291,389.6501
1192.775101,368,390.087796
1053.059374,320,391.271202
934.576833,278,391.592687
1144.240932,343,391.989065
1168.121931,343,392.386609
879.735748,261,392.694384
1566.725035,476,393.254298
963.283567,282,394.403204
1311.671929,389,394.86021
1556.784541,485,395.432685
1029.836052,324,395.815852
1303.110152,383,396.268428
1175.207702,350,397.521518
1113.833523,323,397.901484
653.230105,203,398.14124
849.370365,247,398.431638
1174.731641,358,398.852523
1573.531933,500,399.441626
900.773383,266,399.754382
1538.020218,500,401.164775
1395.639161,429,401.669165
1499.247404,443,402.191587
1201.050055,363,402.615942
1216.124154,359,403.037934
1446.238138,500,404.463677
1575.633293,500,405.052721
1483.702241,442,405.572762
1213.128626,370,406.007159
1169.007972,345,407.254496
874.231007,258,407.559217
1568.457216,459,408.101508
1595.361872,500,408.689453
894.155935,266,409.00298
1412.505439,438,409.516745
1675.478489,494,410.907265
949.808534,296,411.262896
1502.214935,454,411.797509
1120.071515,356,412.214343
1111.400156,341,412.616589
1595.304522,500,414.04686
663.865905,206,414.292186
850.019383,245,414.582115
889.318835,261,414.890877
1077.208819,313,415.261693
1423.353041,419,415.75619
1205.635891,359,417.022335
1557.498763,500,417.611402
637.662164,194,417.840146
1482.083121,433,418.350959
1233.789444,365,418.780379
927.466775,275,419.102704
1429.216903,438,420.444836
1549.329606,500,421.032976
1631.158747,500,421.622905
928.269059,277,421.948123
1511.107622,447,422.475396
1489.703791,500,423.886829
882.113682,254,424.186305
1567.938349,500,424.772381
1548.086924,500,425.357688
1128.487701,331,425.744512
1596.687522,482,427.124724
853.988376,255,427.424514
850.799584,246,427.71444
1192.757462,353,428.13032
1051.246931,319,428.503917
846.108394,250,428.799403
1486.040556,500,430.228326
1263.874064,384,430.706979
754.057244,224,430.97093
1442.592541,431,431.478565
1070.434205,313,431.846754
1076.929682,338,432.24703
698.94416,215,433.330855
1117.482431,328,433.718744
1064.228217,309,434.084957
1481.549894,500,434.676021
864.939807,249,434.971748
1150.061458,346,435.382179
1442.966455,500,436.823951
1181.371086,343,437.228585
996.672401,288,437.568431
907.543716,259,437.876219
1308.243265,390,438.338621
1443.423104,423,439.683931
1593.411384,471,440.241725
1411.699688,439,440.759208
983.570498,286,441.099155
904.706343,272,441.421844
936.05367,280,441.755609
1413.663003,421,443.075405
731.157321,220,443.332154
1206.615809,360,443.750192
796.756013,238,444.026532
949.934114,287,444.356886
908.885371,269,444.666937
657.541101,205,444.905431
710.307958,220,445.164794
638.104551,195,446.212198
943.510277,275,446.530067
833.487582,244,446.812288
664.053871,203,447.046748
680.583717,209,447.28895
742.502031,226,447.55435
674.45205,207,447.79671
939.732677,272,448.116402
758.300842,231,448.388796
941.375134,289,449.533793
895.662098,261,449.838021
746.858452,230,450.104232
680.674011,211,450.347409
907.11511,263,450.650216
1292.51627,396,451.105882
693.1562,214,451.352405
899.53639,263,452.468909
690.697521,213,452.720227
1127.952796,330,453.100563
938.292152,285,453.430267
900.504214,261,453.731218
932.518936,290,454.065612
843.852171,249,454.353899
806.481632,240,454.629702
897.005496,270,455.74684
1465.65539,500,456.323287
1496.829422,458,456.849267
1561.212921,500,457.426098
1629.572724,500,458.803395
1187.169531,353,459.21137
1355.938133,401,459.673883
1566.508909,500,460.254295
904.549047,262,460.557034
1710.783827,500,461.133398
926.126085,264,462.2613
1458.294089,433,462.772963
1481.079764,437,463.290034
1192.237454,346,463.697891
1501.83486,500,464.291238
1607.578314,500,465.70116
1031.599398,299,466.050094
1593.726883,500,466.629942
897.256168,260,466.930482
882.45945,255,467.227338
1449.682499,436,468.565696
1182.591687,355,468.983408
1178.232957,343,469.389018
700.560566,217,469.644987
1649.520205,492,470.219642
1602.326713,500,470.795745
1019.60374,307,471.947475
1556.018451,500,472.539521
784.131004,228,472.809122
1510.736662,500,473.400779
896.860984,259,473.706886
1147.677503,339,474.927042
1471.473623,434,475.444265
1630.793449,500,476.039893
1410.135271,500,476.636412
1551.902068,500,477.234443
1594.734006,500,478.646928
1195.450942,354,479.068377
1521.340204,500,479.665779
1492.869987,500,480.26373
906.4998,267,481.396951
1459.695278,500,481.99166
1307.781863,389,482.454674
1398.485465,416,482.948897
1625.934206,500,483.544834
1553.074584,500,484.959874
1530.39682,500,485.556392
948.593279,288,485.898683
1641.520892,500,486.475193
1574.086581,500,487.867574
746.925114,225,488.129008
1525.123182,500,488.707048
898.68557,267,489.016447
975.396506,293,489.35346
870.581982,253,489.645456
1521.256772,500,491.025821
1232.911874,373,491.457876
1526.768635,500,492.042611
1461.160745,500,492.636167
832.223552,245,492.927623
1515.81675,500,494.337961
1516.063525,500,494.929652
1329.200665,395,495.398893
692.033984,201,495.637828
959.288837,286,495.977757
823.125885,243,496.269053
848.85945,252,496.569469
701.702707,204,497.632433
1484.804064,500,498.233174
1512.124855,500,498.830391
808.953573,239,499.117038
1563.397575,468,499.674841
1555.565448,500,501.082395
1469.889371,451,501.613236
900.152853,264,501.920253
1553.976327,500,502.503157
1574.727097,500,503.080955
1320.548144,386,504.349568
781.584923,239,504.631028
853.971321,245,504.920175
1580.768833,485,505.495465
841.288811,248,505.788771
737.829662,222,506.052311
804.627974,243,506.340579
1103.43644,324,507.543145
1552.486727,500,508.127471
1482.321934,500,508.705709
1005.867167,305,509.058954
1548.755426,500,510.455041
1627.111977,470,510.997745
1333.091762,398,511.458481
1536.843072,500,512.039016
891.15734,261,512.3467
929.23474,277,512.673184
1559.721721,500,514.067932
1445.896825,436,514.571319
969.001952,290,514.910579
1466.49887,436,515.418933
1195.945491,356,515.828263
925.475656,281,516.975007
1464.632496,500,517.56829
1463.035122,500,518.15413
1463.603667,500,518.732218
1499.784235,500,520.123939
1613.807785,500,520.715854
675.592398,230,520.989174
1507.459923,443,521.502163
1221.064349,372,521.931356
1683.757274,500,523.313516
948.626734,273,523.633018
909.402539,259,523.939286
814.643552,243,524.228666
1468.23291,444,524.755855
964.006724,284,525.088572
869.232061,253,525.384107
1129.375764,330,526.580281
914.649511,273,526.907866
1593.183348,468,527.467549
885.034444,261,527.773359
1506.683817,500,528.358087
1511.890927,446,529.698261
1244.62363,376,530.147699
1478.28605,500,530.739629
1529.645987,500,531.319603
1469.952321,438,531.823917
1542.372287,500,533.22783
993.056268,288,533.56078
755.159587,221,533.815417
1515.445833,500,534.404366
1530.979753,500,534.996675
1719.487964,500,536.385972
961.958341,282,536.712412
1576.622674,500,537.290261
1472.335188,430,537.7864
1505.743114,500,538.365179
681.730422,211,539.414735
1456.224066,429,539.921284
1463.10181,449,540.445624
1552.245677,500,541.023044
1428.602315,424,541.511532
1487.499527,500,542.883104
869.792572,249,543.173974
863.853086,251,543.469992
1319.094902,436,543.982027
1100.5077,319,544.358374
1612.805523,478,545.712834
1569.461157,500,546.291085
1582.972222,500,546.86838
1560.007927,500,547.453162
868.069212,257,547.755682
1595.249338,500,549.159429
979.876683,304,549.520113
927.235475,276,549.847108
1512.59712,500,550.439631
1650.738623,500,551.032797
1470.695322,447,552.351469
1071.627121,326,552.728169
969.546701,280,553.05431
721.842899,213,553.302535
830.75065,242,553.583965
1576.337636,500,554.162527
919.028867,269,555.284671
764.856735,220,555.546197
956.672165,270,555.866996
869.300386,252,556.16821
871.026888,252,556.468555
855.010831,245,556.760326
729.023376,215,557.016456
1586.281096,476,557.582819
922.390181,263,558.708188
845.573025,245,559.001226
936.036631,268,559.322593
914.664364,262,559.635081
677.44507,199,559.872604
1664.859287,480,560.445962
856.650907,249,560.742467
843.95089,246,561.96235
1123.903824,330,562.35719
933.042348,268,562.676591
1320.477055,393,563.143871
993.784565,291,563.491708
1103.823939,317,563.869043
1071.287818,320,564.252402
1391.876785,407,565.535918
1199.580413,357,565.954841
1577.270431,500,566.542378
1229.259145,370,566.976252
1573.355795,477,568.331623
739.851174,220,568.590059
1516.795059,441,569.109688
692.578739,209,569.355445
1616.808511,500,569.941337
937.245539,280,570.270708
1239.510341,382,571.534079
954.259216,282,571.869586
605.785429,184,572.089312
919.240365,263,572.402991
837.654016,244,572.693869
1646.556532,500,573.288847
658.910394,200,573.527621
959.171762,278,573.858543
1541.447014,500,575.275327
720.518614,220,575.537446
691.209734,214,575.791873
1549.475051,458,576.337506
1097.862495,362,576.768654
918.130166,266,577.084404
903.884062,259,578.210867
966.147317,287,578.553398
1495.383503,441,579.079963
1036.609214,301,579.438719
1069.603024,313,579.810586
907.357187,259,580.117383
1453.074792,415,581.413411
1507.491675,500,582.001281
1583.913544,500,582.593253
1583.965289,500,583.187453
979.312969,278,583.51907
588.797564,180,584.544713
926.223637,271,584.859042
966.871828,287,585.190128
997.89958,286,585.518518
1213.143816,416,585.9963
910.170431,258,586.292778
1734.346563,500,586.866292
925.296506,275,587.99519
1393.434879,416,588.489146
849.315799,250,588.78736
1136.993143,342,589.195219
927.046266,263,589.507817
951.165274,278,589.838918
1423.291568,500,591.234312
935.145682,267,591.551024
1096.361591,317,591.926316
1496.966599,500,592.519359
1110.093348,325,592.904155
892.889595,259,593.212282
1495.115556,468,594.561022
1194.113683,346,594.967309
1559.702809,500,595.554598
933.503642,268,595.869534
1453.989485,447,596.394162
1200.600935,356,597.628703
973.507817,277,597.956294
1548.542257,500,598.548617
1494.911229,450,599.082119
1546.15847,500,599.674617
1267.103967,369,600.909132
1061.581203,301,601.255875
696.662798,214,601.502358
1638.500991,473,602.047059
1548.712068,500,602.624605
812.462523,233,602.892794
1502.195616,500,604.284454
807.306003,232,604.551588
1559.80188,500,605.127071
898.345865,262,605.431252
1495.036564,500,606.011288
1391.838963,404,607.300455
919.378442,274,607.622701
1369.709756,400,608.082553
998.383676,292,608.418095
1298.729164,377,608.85016
906.840741,259,609.15428
1209.815735,360,610.39027
689.951615,211,610.637806
1145.241186,375,611.076801
1187.004885,340,611.474009
1090.280189,317,611.846086
1252.370445,369,612.284961
988.649379,283,613.422553
817.214083,240,613.705271
996.261537,290,614.048007
1238.170044,362,614.47227
979.769153,283,614.799265
890.761609,253,615.091296
1586.474022,500,615.663635
972.212468,286,616.805651
941.686886,271,617.119347
1146.328552,327,617.496132
980.635726,286,617.827317
892.586794,304,618.179881
773.622824,233,618.448775
1228.306477,356,618.857351
995.193615,295,620.021396
587.464377,184,620.240711
1695.113961,500,620.831732
982.824495,293,621.179311
1592.454966,500,621.773071
1550.3358,500,623.15129
712.129322,221,623.40599
1099.064868,317,623.769426
610.698576,190,623.987586
965.711221,280,624.310083
1235.109574,362,624.725183
947.678783,285,625.054634
1617.678613,500,626.442508
1683.820593,500,627.016259
672.342117,234,627.287325
1493.213187,430,627.781585
1522.769351,450,628.301576
1416.590735,415,629.589447
1556.533637,500,630.162668
1377.277153,393,630.614477
972.172601,282,630.943394
943.807356,280,631.273577
1581.247543,500,632.656714
1062.592387,309,633.011014
936.838579,275,633.32742
1561.707811,500,633.901224
1251.540454,364,634.328631
984.732214,291,634.670984
1379.96447,399,635.957191
1674.617559,500,636.549103
1228.144425,361,636.963669
980.516748,295,637.30611
1577.827002,500,637.8847
1002.26792,288,639.035772
1551.011598,500,639.624489
1136.148856,328,640.01161
1459.222339,489,640.589595
908.715837,310,640.953998
952.346027,271,642.086794
1533.364928,500,642.66175
1621.771633,476,643.209783
987.308622,295,643.551732
1431.6824,413,644.031411
1537.847803,500,645.420408
846.748745,252,645.710451
1540.035329,500,646.286268
1559.834367,500,646.866643
1535.700477,500,647.456159
689.506753,214,648.534161
929.792408,271,648.856556
1632.954284,500,649.449594
1466.642462,437,649.966105
1187.502038,336,650.366669
951.014339,277,650.695821
1239.327355,355,651.932802
737.250784,227,652.200439
747.874674,227,652.467822
1256.031158,363,652.892983
1374.750368,424,653.391434
1617.169081,500,653.977781
963.95391,287,655.107732
935.765968,270,655.419203
804.320623,239,655.693911
978.400033,288,656.024593
929.105474,280,656.346421
998.85944,293,656.684372
943.659807,269,656.994167
1408.031754,414,658.28106
1627.212836,500,658.874398
949.45313,277,659.204761
1568.735278,500,659.79976
1179.196188,381,660.253119
942.810611,273,661.379787
1532.80339,500,661.96794
1533.968956,500,662.557264
927.461725,270,662.875267
1211.802759,401,663.347671
1546.494405,500,664.744675
1219.178173,352,665.163119
1598.796688,500,665.741674
1556.96582,500,666.318682
1021.453106,304,666.66835
1546.234502,500,668.056473
685.861612,206,668.295802
1616.594707,500,668.872778
1408.839422,411,669.348647
866.146292,248,669.635628
671.798455,209,669.877189
881.973752,255,670.970463
1590.338641,500,671.552148
726.64827,228,671.815724
833.255454,247,672.105721
1298.054479,397,672.571108
1027.977654,296,672.912476
904.03895,260,673.215364
1034.502135,301,674.379162
977.696482,281,674.7024
1238.17621,361,675.118599
1625.321487,500,675.695246
957.038039,273,676.010544
1560.454599,500,677.398935
702.7705,215,677.650302
958.756445,283,677.97478
1239.435284,374,678.405931
942.11755,274,678.7219
697.991567,214,678.96974
434.344234,154,679.15379
755.556125,226,679.421103
931.521665,273,680.552297
964.205312,285,680.887017
1063.098208,309,681.249187
673.461774,208,681.488951
1610.442017,473,682.057545
1219.973397,353,682.476541
1233.737934,358,683.69545
1239.222865,359,684.108716
1159.873604,335,684.495745
908.136691,259,684.794507
1326.236077,385,685.237417
1058.869211,303,685.587306
1581.627034,500,686.960804
958.248105,283,687.295697
1601.419058,500,687.886039
1367.851548,397,688.360046
1471.069102,427,688.869498
957.475823,275,689.197473
1652.487209,500,690.607023
1433.765954,431,691.11458
954.115675,281,691.448065
916.267918,268,691.766026
926.448516,266,692.081681
1299.029135,381,693.339007
979.055188,293,693.690568
1567.270783,500,694.285353
654.294639,228,694.55881
923.263802,311,694.929774
932.770704,273,695.255656
1520.649285,500,696.656794
1658.221633,500,697.2538
1462.817974,480,697.827574
1209.514668,357,698.252898
972.015244,283,698.592537
975.22138,284,698.929923
1539.105177,500,700.330923
981.99702,284,700.658016
706.030726,221,700.913327
861.367927,253,701.205807
803.010472,235,701.479018
1260.695886,367,701.901329
1165.371072,334,703.097958
991.440852,294,703.444776
1558.654724,500,704.021688
1232.05186,361,704.438652
1241.788674,365,704.85761
1488.450385,500,706.230365
956.751976,280,706.553773
1545.712319,500,707.131561
1553.151797,500,707.708919
1509.508584,500,708.286833
773.088589,229,709.345947
991.971158,299,709.690954
983.303655,286,710.020807
1230.734702,351,710.426373
940.465331,283,710.752316
1494.306395,500,711.330747
1559.766995,500,712.70575
954.251273,287,713.036397
1530.898308,500,713.614034
961.999945,289,713.947272
1562.751133,500,714.526637
984.448116,283,714.853005
693.239527,213,715.913853
1049.668863,313,716.275995
826.222437,246,716.560854
1584.356926,500,717.136885
636.418583,197,717.364858
670.060998,209,717.606631
679.228443,207,717.845008
652.99371,201,718.897504
1554.698761,500,719.485802
971.687168,283,719.814092
1525.807519,500,720.407311
851.353387,255,720.708248
825.579996,250,721.003627
916.775852,271,722.125234
866.560898,259,722.424556
1553.445203,500,723.001368
1655.190983,485,723.561079
1509.841059,500,724.139611
956.268288,283,725.263298
1481.844519,500,725.845936
1519.647479,500,726.425219
982.823118,301,726.773241
1524.81508,500,727.350602
1499.741339,500,728.73592
706.392251,217,728.986843
1331.491272,383,729.429646
1201.255745,341,729.823424
873.481612,251,730.113653
753.422518,226,730.374119
775.192974,234,730.652384
1476.211021,437,731.972914
954.128632,284,732.313251
961.946057,293,732.661077
1236.625356,378,733.110226
1308.250891,382,733.559963
1138.305208,323,733.932922
1317.977403,381,735.201751
1651.295239,474,735.759051
1590.666127,499,736.347495
796.120119,233,736.62217
890.767548,266,736.935524
1572.634306,459,738.294655
688.375726,210,738.54242
879.118378,258,738.845974
975.234231,290,739.188323
1068.655423,315,739.560506
1607.184967,500,740.15096
1204.841094,359,741.377638
1651.90316,500,741.980398
832.071055,248,742.275652
1352.406842,397,742.746169
1542.468578,500,743.339489
1673.313144,500,744.747285
1624.919267,480,745.312823
1155.920649,324,745.696199
1575.895199,500,746.279855
1564.221021,500,746.856557
771.467466,238,747.948405
1463.321316,448,748.471914
1251.741949,362,748.890473
1557.005791,500,749.480998
1529.327675,500,750.075835
1538.209369,500,751.473993
1561.237483,500,752.057315
1545.95345,500,752.637714
1550.715172,500,753.216755
1270.86047,371,754.443267
1522.313473,447,754.960052
967.428125,279,755.281704
946.074677,276,755.601315
1562.479983,472,756.146878
1533.373865,500,757.528678
1562.755748,500,758.106044
1557.275627,500,758.688653
1571.230559,500,759.266882
1631.271927,500,760.657423
1257.374119,365,761.085695
1252.387957,363,761.505206
1644.794035,500,762.082911
1546.113753,500,762.661689
1580.790103,500,764.061587
1016.233199,300,764.412931
1566.014986,500,765.00555
1335.927175,390,765.455932
1562.3585,500,766.035814
1233.310632,360,767.270407
1586.571997,500,767.858114
960.239428,289,768.198936
1651.573121,495,768.787544
1094.768636,320,769.167848
950.875555,277,770.295115
1586.862152,500,770.886665
1028.428024,300,771.243689
1078.117919,306,771.60643
989.09074,291,771.951412
603.283253,190,772.177966
1620.963081,500,773.576974
1396.347406,402,774.050372
1457.218356,421,774.548112
898.712578,281,774.882076
671.156667,211,775.132582
1600.456468,500,775.726748
1172.502513,358,776.961305
966.909313,281,777.292781
933.514818,271,777.613824
952.098077,276,777.941974
684.90666,213,778.195083
1578.658072,500,778.790701
1623.843682,500,780.208737
1305.145958,380,780.663182
1489.568259,443,781.191057
1183.951619,345,781.601523
1572.023938,500,782.197391
1580.668705,500,783.598697
960.143364,279,783.920609
883.296474,255,784.216198
1167.910197,331,784.599179
932.585857,274,784.914943
1591.340119,469,785.458051
1592.078223,500,786.830248
1654.908433,484,787.38829
828.122805,246,787.67272
1546.738872,500,788.249976
1573.370334,500,789.9665
1571.572584,500,790.482505
1572.094362,500,790.993385
1570.335135,500,791.504431
1576.627573,500,792.01671
1574.023229,500,792.529327
1573.057011,500,793.039442
1573.195751,500,793.553081
1572.464619,500,794.065874
1573.852787,500,794.578393
1572.086607,500,795.094162
1571.291512,500,795.618073
1574.052497,500,796.144321
1575.533878,500,796.670817
1576.154137,500,797.199661
1570.977015,500,797.725464
1573.048127,500,798.251445
1571.782523,500,798.777905
1573.97446,500,799.304321
1573.766886,500,799.829435
1572.257366,500,800.357867
1576.190843,500,800.884083
1574.008133,500,801.411085
1571.844627,500,801.945342
1571.521535,500,802.46577
1572.55033,500,802.98675
1574.44896,500,803.507986
1566.92166,500,804.033049
1573.297627,500,804.55513
1572.513871,500,805.077655
1573.66207,500,805.598466
1574.986368,500,806.120917
1574.493435,500,806.642021
1573.750866,500,807.161285
1571.852063,500,807.672239
1574.483363,500,808.183473
1569.325483,500,808.697592
1560.937057,500,809.211129
1572.84594,500,809.722646
1576.767327,500,810.234728
1574.663044,500,810.746383
1574.402909,500,811.257267
1572.819727,500,811.767486
1574.116884,500,812.278873
1572.203922,500,812.791718
1572.553424,500,813.30646
1572.693587,500,813.82172
1575.767674,500,814.340876
1573.506555,500,814.858343
1575.61865,500,815.374634
