#{"t_start": 1769363565.8611612, "env_id": "CustomAnt-source-v5"}
r,l,t
-88.051127,71,0.19364
-44.304695,36,0.243981
-118.36609,77,0.351855
-104.373767,81,0.465101
-95.754092,54,0.540672
-55.638249,43,0.600685
-65.249374,41,0.657878
-52.699913,33,0.704138
-20.274467,15,0.725232
-35.925152,29,0.765884
-47.94317,37,0.81782
-27.430435,32,0.862855
9.204974,57,0.942376
-19.952421,28,0.981557
-17.016088,23,1.013678
-1011.784811,1000,2.431228
-72.677533,76,2.537796
-64.548031,49,2.606283
-138.773932,135,2.794663
-37.148867,42,2.853723
-66.799865,59,2.936316
-20.877392,44,3.821919
-15.378868,12,3.838936
-39.417264,30,3.881057
-161.816233,125,4.055639
-83.11725,65,4.146702
-51.837724,40,4.202557
-48.034396,34,4.250088
-28.590689,22,4.28107
-27.569698,23,4.313421
-21.837751,17,4.337188
-43.079021,25,4.372067
-39.104717,34,4.419836
-46.109649,36,4.470284
-1053.24116,1000,5.879504
-5.801889,24,5.913273
-93.230205,89,6.037652
-318.496033,347,6.522043
-151.144623,102,6.664975
-15.997757,11,7.497147
-24.180078,31,7.541891
-27.376257,62,7.629221
-29.084167,15,7.650348
-58.352055,64,7.739774
-19.436107,16,7.762277
-13.828093,13,7.780567
-78.851004,48,7.847355
-23.465175,24,7.881164
-14.249467,52,7.953824
-77.642361,135,8.142154
-35.917305,57,8.221821
-44.943789,58,8.302912
-20.219774,13,8.321256
-33.316825,43,8.381409
-427.378548,401,8.946714
-38.2827,46,9.011048
-20.178723,13,9.029263
-96.912369,90,9.154849
-204.288091,212,9.451079
-69.541727,66,9.543242
-95.713608,64,9.632548
-999.29987,1000,11.858459
-120.012082,117,12.022033
-47.332487,18,12.047358
-141.464053,125,12.221626
-39.109195,41,12.278803
-6.754383,18,12.304193
-126.682878,83,12.419946
-13.317693,11,12.435475
-114.255771,59,12.517678
-25.312587,38,12.570629
-46.233168,50,12.640515
-26.686507,38,12.693873
-0.96479,12,12.710859
-76.354853,35,12.759816
-59.426705,55,12.836303
-7.939116,20,12.864859
-18.575016,16,12.887349
-125.609676,166,13.118348
-96.76772,74,13.221621
-63.736855,32,13.26745
-21.596518,47,13.33321
-10.095342,35,13.382053
-31.419665,34,13.429585
-8.610775,15,13.450607
-84.691913,120,13.618183
-62.594994,84,13.735591
-19.280894,19,13.762247
-50.673417,70,13.860031
-69.556601,70,13.958129
-109.25267,121,14.944387
-34.639586,28,14.983713
-45.603065,61,15.068984
-37.401466,18,15.094435
-48.753045,46,15.158641
-142.416749,80,15.270231
-16.801698,12,15.287254
-95.324604,83,15.403802
-24.419763,22,15.43468
-36.121948,24,15.468426
-169.698449,127,15.645718
-13.395295,31,15.689056
-52.860966,49,15.757518
-21.413846,15,15.778582
-41.454119,29,15.819155
-177.90893,144,16.02037
-14.388856,31,16.064042
-30.153555,25,16.099261
-234.559059,172,16.339479
-8.036509,18,16.364833
-138.923319,142,16.56326
-111.269619,63,16.651391
-7.948673,21,16.680918
-17.254649,46,16.745266
-75.992454,45,16.808294
-35.194385,26,16.845193
-23.431567,47,16.911012
-80.697473,45,16.974286
-19.198364,21,17.003889
-49.297242,47,17.069718
-107.76739,141,17.267075
-41.181295,33,17.313408
-145.8926,132,17.498142
-7.773776,13,17.516475
-22.034907,41,17.573894
-18.7293,16,17.596913
-32.161858,36,17.647345
-90.307522,82,18.593166
-18.900859,17,18.617229
-43.664962,41,18.674743
-38.628477,76,18.780922
-36.111408,49,18.849304
-46.307569,26,18.885681
-31.590786,58,18.966841
-90.857965,47,19.032744
-40.276481,19,19.059355
-69.530408,54,19.134858
-16.072039,17,19.158675
-30.428594,24,19.192276
-8.726439,23,19.224715
-115.882874,102,19.367111
-63.318909,88,19.490329
-18.658296,18,19.515737
-38.034334,33,19.562204
9.628773,9,19.574922
-20.538356,18,19.600242
-30.696015,20,19.628255
-90.091389,81,19.741297
-974.96999,1000,21.15011
-17.481341,15,21.171343
-16.239879,24,21.205207
-8.134381,18,21.230679
-57.252633,44,21.292062
-16.786439,29,21.332729
-16.575663,12,21.349654
-43.170735,55,21.426416
-30.543045,26,22.283798
-11.234994,20,22.312344
-43.180113,54,22.387931
-27.744419,33,22.434265
-39.822341,29,22.475199
-14.426343,13,22.493452
-28.501407,50,22.564023
-59.757948,31,22.607356
3.284988,24,22.640986
-16.071708,17,22.664838
-57.210904,46,22.72895
-24.906943,46,22.793151
-10.825128,50,22.863032
-155.689217,75,22.968072
-18.109393,22,22.998791
-83.869009,65,23.089778
-89.140718,59,23.172079
-64.196368,43,23.232365
0.533337,17,23.256294
-1027.307458,1000,24.668298
-19.11923,63,24.756744
8.417383,29,24.797321
-88.280936,60,24.881037
-53.111371,45,24.943938
-62.740495,87,25.066347
-51.812708,65,25.97563
-65.104089,35,26.025128
-20.570051,40,26.081408
-23.167329,51,26.152871
-74.718605,75,26.257968
-38.757362,53,26.331847
-62.878343,50,26.401424
-16.97752,11,26.41703
-36.829652,27,26.454858
-998.054174,1000,27.864782
-9.895942,11,27.880494
-53.97283,94,28.011898
-25.430431,17,28.035876
-944.652948,1000,30.268255
-19.766797,34,30.316031
-20.974616,24,30.349864
-20.024999,15,30.371006
-50.565791,81,30.484312
-12.143893,43,30.544878
-10.034213,16,30.56735
-40.810547,16,30.589891
-9.276639,20,30.618123
-42.025654,27,30.655864
-39.128289,60,30.739681
-31.205225,42,30.799079
-33.275226,44,30.86067
-13.097687,56,30.938829
-4.43651,18,30.964245
-77.023914,73,31.066489
-111.41899,111,31.221246
-9.769881,10,31.235352
-33.787777,32,31.280319
-11.89355,37,31.332146
-7.084875,31,31.375631
-60.822354,30,31.417591
-38.409029,24,31.451403
-111.538614,76,31.558021
3.570885,30,31.600176
-26.972379,32,31.644948
-183.258719,219,31.950893
6.352471,28,31.990363
-40.337891,69,32.087312
-19.688701,19,32.114014
-37.160184,71,32.213873
-63.561966,22,32.244875
-14.864582,15,32.265963
-23.316844,24,32.29962
-118.111038,166,32.531594
-19.790628,33,33.394836
-72.570047,104,33.540992
-96.603533,117,33.704883
-35.65172,23,33.737139
3.8714,24,33.770838
-279.487022,240,34.108601
-96.166446,137,34.302671
-83.524939,75,34.407639
-41.391146,31,34.451167
-36.283826,34,34.4988
-13.772992,21,34.528551
-86.473059,80,34.641263
-62.24215,69,34.737824
-19.354569,23,34.770076
-80.714287,58,34.851181
-12.000486,37,34.903132
-983.236416,1000,37.133081
-24.946098,28,37.17246
-103.403944,80,37.284169
-119.663572,120,37.452495
-171.112029,132,37.637019
-89.142939,80,37.74914
-76.838869,163,37.976348
-27.913216,27,38.014186
-29.487931,33,38.060271
-60.618591,69,38.156604
-5.228437,17,38.180463
-13.580408,12,38.197371
-112.654003,88,38.320779
-978.542088,1000,39.728168
-912.761449,1000,41.959498
-45.958953,58,42.040744
-362.464554,370,42.561183
10.623245,55,42.638497
-35.989952,42,42.697249
-24.774985,20,42.725432
-22.225403,14,42.745409
-58.142498,34,42.792937
-1024.914851,990,45.026266
-22.669225,31,45.069787
-1.695831,65,45.160554
-28.430643,37,45.21222
-29.603532,31,45.255893
-5.502975,35,45.304735
-8.09025,14,45.324489
-69.196332,62,45.411034
4.645378,23,45.443275
-38.013087,36,45.4938
-52.315886,52,45.566493
-95.717545,110,45.7206
-112.990728,77,45.829161
-13.277254,20,45.85741
-16.711472,33,45.903615
38.0887,43,45.963718
-32.691173,58,46.044701
-87.475077,57,46.124406
-16.29406,25,46.159297
-121.775404,108,46.309916
-16.977979,17,46.333881
-34.968191,32,46.37873
-29.794888,48,46.445755
-9.285033,17,46.469584
-68.219249,48,46.53743
-966.958429,1000,48.784658
-50.639199,88,48.907327
-22.903489,25,48.942215
-143.377049,155,49.159172
-22.112482,39,49.213811
-11.509094,11,49.229438
-7.797373,16,49.252036
-11.46328,11,49.267701
-37.547033,29,49.308255
-38.728586,33,49.354458
-31.349681,42,49.413231
-155.130422,162,49.639396
-30.855122,21,49.669017
-183.067433,166,49.902223
-33.008825,31,49.945563
-49.167324,73,50.047418
-87.461577,101,50.188152
-15.293223,31,50.231639
-32.793882,21,50.261159
-32.416758,22,50.29208
-117.528659,83,50.40784
-16.293906,22,50.438701
-37.348702,50,50.50833
-17.027622,25,50.543565
-30.743301,43,50.603811
-64.997098,39,50.658265
-89.229933,108,50.809627
-32.25204,65,50.900599
-21.155042,17,50.924505
-15.499637,19,50.951256
-27.756076,42,51.010084
-17.196186,25,51.045228
-76.814989,75,51.969086
-8.628693,12,51.986089
-876.250904,988,53.378861
-64.496269,46,53.44351
-15.425079,19,53.470259
0.186588,21,53.499664
-26.184608,20,53.527882
-12.497731,18,53.553108
-4.69327,26,53.590024
-61.396282,55,53.667051
-940.974111,1000,55.904573
-7.43519,18,55.93018
-63.021762,138,56.122912
-18.661566,12,56.139837
-139.997195,98,56.276499
-19.385128,23,56.30855
-79.49879,47,56.374438
-92.53587,51,56.44548
-36.102252,79,56.556007
-26.170663,57,56.63557
-11.285227,10,56.64974
-54.559189,86,56.770549
-38.400831,28,56.80983
-36.434386,24,56.843395
-221.740221,178,57.093872
-16.478074,13,57.11219
-65.888491,68,57.207387
-28.39761,54,57.28393
-5.326959,35,57.333028
-48.91253,46,57.398108
-49.859581,45,57.461444
-17.890582,18,57.486845
-28.848509,27,57.524712
-160.863092,171,57.764007
-26.972307,16,57.786936
-22.769092,41,57.844332
-8.325806,15,57.865487
-22.624735,37,57.917451
-14.168706,29,57.958191
-15.260158,17,57.982112
-37.588848,34,58.029753
12.046103,24,58.063329
-33.141466,62,58.15034
-42.089448,32,58.195268
-21.68,15,58.216513
-77.815313,59,58.299316
-13.871728,26,58.336135
-14.85112,19,58.362787
-351.523579,466,59.863329
-56.282224,36,59.913755
-4.036061,37,59.965509
-26.268104,84,60.083219
-48.129908,46,60.147477
-43.649633,23,60.179864
-29.55014,20,60.20783
8.049068,18,60.233084
-183.659997,193,60.502278
-27.703719,42,60.561204
-16.47116,14,60.580963
-72.951796,79,60.691132
2.214739,11,60.706749
-84.54566,201,60.987432
-15.152647,27,61.025296
-21.772757,44,61.086896
-8.931939,23,61.119001
-83.31959,81,61.232919
-107.116563,126,61.411771
-20.255957,17,61.436011
-112.75374,91,61.563476
-5.626331,11,61.578974
-48.99755,56,61.657253
-933.438519,1000,63.901927
-3.953137,24,63.935749
-26.20588,35,63.984723
-886.792533,1000,65.391636
-15.180717,37,65.443512
-27.720284,35,65.49227
-27.857452,22,65.523277
-6.301355,17,65.547176
-19.075542,18,65.572614
-890.215288,1000,67.80792
-29.227033,89,67.932103
-44.888066,18,67.957373
-122.642993,88,68.07996
-10.270737,33,68.126165
-31.72797,32,68.171301
-74.868669,58,68.252333
-63.847884,48,68.319644
-30.67879,39,68.374268
3.517646,18,68.399496
-83.406133,54,68.475179
-17.017206,29,68.515961
-79.12708,130,68.697701
-50.883635,58,68.779357
-35.149552,31,68.822662
-30.629886,46,68.887101
-26.582021,29,68.927942
-34.609204,29,68.968647
-14.381501,15,68.989675
-192.413167,121,69.158953
-18.585044,41,69.216133
-14.644916,15,69.237262
-2.16912,34,69.284985
-14.734379,43,69.345056
-14.675061,14,69.364743
-49.666287,25,69.399693
-34.049073,83,69.516755
-6.670334,14,69.536641
-74.417321,53,69.611098
1.313747,15,70.466813
-10.741485,13,70.485389
-96.379842,113,70.64389
-31.145297,59,70.726821
-33.728996,39,70.781382
-55.663054,67,70.875123
-15.635733,17,70.899071
-36.663315,26,70.935381
-99.936837,74,71.038507
-58.99656,54,71.11419
-37.493552,16,71.136712
-10.575509,17,71.160613
-30.030653,29,71.20115
-23.314068,17,71.224985
-70.946921,122,71.395427
-174.521248,114,71.554868
10.806258,21,71.584851
-69.639526,57,71.664663
-9.218058,12,71.681645
-18.596374,31,71.725176
-62.247963,62,71.811664
-30.752342,65,71.902612
-17.109325,14,71.922229
-27.319861,19,71.948871
3.568785,15,71.970017
-21.156611,20,71.99863
-58.818363,31,72.041993
-15.081231,15,72.063082
1.620372,75,72.167681
-25.55929,22,72.198548
-113.307155,74,72.302073
-69.684208,85,72.420859
-85.897648,56,72.499131
-111.331923,242,72.838851
-36.685541,31,72.882443
-14.991917,25,72.917501
-83.169049,88,73.040706
-68.284266,47,73.106188
-16.143555,12,73.123006
-167.393796,110,73.276418
-16.237056,24,73.310112
-777.42087,1000,75.553396
-95.916911,99,75.692029
-11.539274,25,75.727307
-13.474316,72,75.827863
-47.187279,64,75.917445
-19.921264,12,75.934306
-24.756626,19,75.961005
-5.785637,31,76.004323
-9.770297,51,76.075853
-57.304267,91,76.202549
-19.039955,22,76.23334
-228.961994,250,76.582339
-222.337968,231,76.905949
-36.064512,24,76.939587
-27.807657,25,76.974674
-24.68203,19,77.001297
-70.645931,50,77.913803
-13.027538,36,77.964351
-78.360043,56,78.042734
-22.384142,14,78.062552
-30.825784,32,78.107288
10.151641,70,78.205344
-67.635069,81,78.31841
-23.192124,33,78.364943
-44.105418,60,78.448851
-8.876408,12,78.465835
-72.868328,76,78.572644
-30.009948,38,78.626042
-28.692796,33,78.672128
-36.406365,41,78.729626
-881.180602,1000,80.138682
-58.520387,42,80.197452
-31.146299,28,80.236622
-31.913777,45,80.29958
-30.955784,58,80.380629
-24.990365,32,80.425438
-13.726556,30,80.467752
-24.452891,29,80.508407
2.67149,40,80.564481
-462.517215,498,82.084309
-67.257884,99,82.222851
-20.688213,34,82.270606
-37.729403,71,82.369977
-77.955608,78,82.47875
-7.391873,75,82.584209
-17.829773,21,82.613634
-52.334139,49,82.68199
-56.059926,32,82.726719
-27.62371,24,82.760413
-23.539197,38,82.813779
-2.686069,12,82.830699
-41.435545,34,82.878184
-30.677405,26,82.914624
-23.094037,78,83.023425
-29.666877,23,83.05584
-37.697114,19,83.082441
-43.430094,69,83.178509
-29.410649,35,83.227413
-56.782839,59,83.310038
-140.801417,132,83.494782
-31.679431,31,83.538444
-20.881183,26,83.575075
-117.481235,85,83.693878
-22.609155,15,83.714867
-25.034037,15,83.736549
-25.132551,69,83.833171
-64.360527,94,83.964478
-30.787477,44,84.026047
-18.648201,20,84.05418
-39.413304,29,84.094611
-48.211959,66,84.187951
-10.548357,10,84.202013
11.222279,40,84.257744
-22.153077,20,84.286071
-39.288187,36,84.336548
-102.176288,85,85.290922
-22.437966,22,85.322174
-68.116081,56,85.400519
-72.67969,51,85.471787
-86.169593,97,85.607851
-1.198905,10,85.621917
-71.029406,52,85.694784
-75.837858,122,85.865856
-9.865539,41,85.923258
-72.845034,90,86.048672
-195.14319,138,86.240911
-15.687259,31,86.284572
-25.418627,16,86.306985
-21.172206,75,86.411477
-109.31941,107,86.561403
-91.830255,70,86.658901
-7.408265,56,86.736996
-647.9271,750,87.79154
-61.477868,51,87.863358
-49.383403,83,87.979337
9.366797,27,88.017594
-2.924856,51,88.089247
-55.987215,44,88.996052
-6.826561,45,89.060147
-19.097066,43,89.12044
-6.383322,34,89.168063
-18.020614,18,89.193375
-15.783849,14,89.21292
-49.072722,69,89.309465
-11.669516,22,89.34042
-5.214359,23,89.372796
-52.082825,42,89.431683
-13.235731,30,89.473901
-42.975657,47,89.539914
-12.087441,31,89.583919
-17.793641,30,89.62601
-18.71197,48,89.692868
-105.877238,134,89.880642
-23.992214,30,89.922672
-22.556431,42,89.981356
-19.473661,47,90.047073
-37.517469,21,90.07837
-37.04729,21,90.107978
-55.73463,32,90.153101
-47.067617,37,90.204889
-43.649023,32,90.24972
-50.06929,106,90.398322
-29.113396,44,90.459847
-27.033745,33,90.506398
-121.43524,107,90.65676
-23.297986,21,90.686326
-812.131349,1000,92.931088
-66.826375,62,93.018146
-53.725168,33,93.064456
-27.458518,20,93.092494
-4.368589,64,93.182301
-58.977097,54,93.257809
-8.15056,35,93.306873
-43.68674,48,93.373892
-75.074612,124,93.547101
-40.017198,57,93.62667
-6.676082,10,93.640692
-23.118815,46,93.704949
10.798647,29,93.745897
-3.457252,17,93.769877
-2.587135,33,93.81615
-7.37167,44,93.877713
-26.890498,80,93.989247
-20.574741,37,94.04099
-77.754543,94,94.17228
-1.716918,34,94.219886
-16.814706,13,94.238133
-34.971421,31,94.28163
-804.032566,1000,96.510801
-20.272256,30,96.55307
-36.104262,41,96.610881
-125.237263,102,96.752877
-12.859253,13,96.771185
-48.187701,91,96.900295
-30.380255,47,96.966266
-60.288393,83,97.08238
-22.989906,18,97.108564
-83.898072,127,97.287042
-58.04575,100,97.42743
-13.390258,18,97.452605
8.37141,20,97.481017
-704.791577,807,98.623559
-11.580585,17,98.647527
-27.619674,44,98.70917
-2.883841,10,98.723294
5.962605,66,98.818093
-12.06175,45,98.881453
-21.593422,15,98.902488
-18.365732,16,98.925045
-57.755425,56,99.003294
-110.204925,58,99.084233
-50.541443,38,99.137634
-49.209041,62,99.224595
-817.179342,1000,101.468229
-12.591733,19,101.495191
-128.465419,118,101.660653
-26.51493,46,101.725167
-65.135008,48,101.792092
-28.754327,26,101.82862
-27.916827,83,101.944921
-12.236795,11,101.96054
-15.758415,12,101.977487
-10.631436,11,101.993063
-4.90965,19,102.01968
-41.13737,32,102.064721
-112.616301,120,102.23227
-35.792618,38,102.286183
-21.002859,20,102.314385
-7.204291,34,102.36223
-11.453121,18,102.387668
-0.551232,27,102.425483
-8.790106,13,102.443806
-31.797837,45,102.506507
-21.723549,39,102.561421
-86.106516,81,102.674324
-2.2242,59,102.756716
-11.396114,11,102.77229
-6.29561,31,102.815891
1.889635,17,102.839835
-268.918481,377,104.191159
-21.552555,33,104.237363
-7.043816,12,104.254339
-32.889332,43,104.314671
-70.477791,89,104.438996
-37.00381,36,104.491262
-33.521421,24,104.52533
-66.194909,55,104.602789
-9.054127,43,104.663255
2.035961,20,104.691356
-23.642669,57,104.771377
-34.717997,28,104.811045
-15.069899,34,104.859407
-23.781833,97,104.995233
-22.018753,24,105.028997
-10.598557,20,105.057162
-76.352373,54,105.132833
-131.997657,129,105.313909
-20.47231,50,105.384347
0.404795,18,105.409724
-59.625685,30,105.45178
-30.617313,28,105.491395
-19.266295,66,105.583776
-3.25096,21,105.613313
-15.445686,34,105.660964
-27.329978,35,105.70981
-15.90098,24,105.743721
-169.536684,173,105.986659
25.071731,33,106.032956
1.352559,57,106.112731
-24.675692,21,106.142329
-35.194775,41,106.200054
-58.600269,122,106.371349
6.90494,34,106.419115
-21.214774,24,106.452781
-217.013628,148,106.660974
-42.089665,123,107.665176
-36.676622,28,107.705328
-13.584615,18,107.730623
-26.208772,14,107.750296
2.656873,20,107.778325
-51.643474,79,107.889048
-21.736492,16,107.911466
-36.845728,25,107.946557
-72.39453,35,107.995751
-28.474227,66,108.088217
-8.66834,23,108.120601
-34.155077,51,108.191941
-110.731204,119,108.358308
-9.357655,28,108.397319
-72.80295,66,108.489819
-34.876056,23,108.522163
-43.3851,48,108.589417
-2.034312,30,108.631426
4.330474,61,108.716769
-53.069425,51,108.788744
-45.15673,65,108.879609
-26.587989,20,108.90758
-13.941067,46,108.971819
-67.491167,95,109.104673
-811.128879,1000,111.355257
-76.08749,86,111.47555
-27.217942,39,111.530226
-69.99727,93,111.660244
-30.440037,16,111.682786
-32.373332,38,111.735759
-10.513957,22,111.7667
-19.546439,25,111.801831
-2.281957,22,111.832807
-68.704442,59,111.91509
-6.759698,22,111.945976
-78.320549,69,112.042401
-103.432247,88,112.165686
-106.708651,121,112.335294
-53.014384,37,112.386984
-26.53667,15,112.408068
-48.940988,81,112.520976
-21.607452,49,112.589544
-28.452436,35,112.638345
-3.751338,14,112.657952
-50.071123,43,112.718076
-15.747778,45,112.781096
-9.940206,11,112.796911
-9.515751,19,112.823562
0.033075,31,112.867164
-14.267648,33,112.913483
-30.863,23,112.945719
-123.896999,172,113.185656
-1.169667,26,113.222068
-5.028864,34,113.269652
-0.050415,11,113.285154
-49.193521,46,113.349634
-739.440363,1000,115.590056
-49.344876,90,115.715746
-66.206787,83,115.831945
-27.696374,58,115.91346
-21.496982,77,116.021091
-30.924937,49,116.089807
-6.458623,52,116.162643
-20.295775,18,116.187881
-30.013386,22,116.218699
-23.896385,14,116.238434
-11.759505,23,116.27067
-31.931197,41,116.32805
-16.146117,11,116.343942
-26.310703,44,116.405378
-68.402526,71,116.504776
-17.505312,21,116.534168
-102.57186,125,116.708915
-4.78389,21,116.738375
-68.919374,75,116.84381
-30.707851,28,116.882946
-12.75139,11,116.898523
-51.749939,37,116.950458
-5.362801,33,116.996522
-35.132977,69,117.093191
-7.708767,19,117.119972
-0.243344,8,117.131291
-8.469229,26,117.167652
-22.119944,13,117.185951
-20.372016,83,117.302621
-126.174682,85,117.422373
-1.662264,25,117.457761
-61.213692,56,117.536346
-12.871616,26,117.572872
-58.128045,60,117.656851
-42.073773,37,117.708457
-3.145339,18,117.733649
-39.565813,33,117.779984
-19.208589,17,117.803951
-825.143197,1000,120.055784
-10.402524,35,120.105649
-15.141546,19,120.132275
-1.595647,14,120.152135
-27.476621,56,120.230491
-39.556961,63,120.318804
-4.012494,7,120.328887
-5.577014,24,120.362786
0.130364,40,120.418745
-2.898078,17,120.44267
-33.980622,51,120.51412
-2.13377,27,120.552006
-10.616181,33,120.598418
-15.4757,19,120.625184
-7.643139,51,120.69648
-9.039104,12,120.713416
-17.81549,11,120.728929
-15.863178,39,120.783971
-19.606726,54,120.860441
-9.129188,17,120.884427
0.819725,16,120.907089
-19.480617,34,120.954845
-56.077408,71,121.054285
-61.47268,39,121.108916
-16.408373,29,121.149637
-47.923471,53,121.224821
-45.06829,36,121.276177
-55.140011,39,121.331042
-18.115718,25,121.366563
-655.483733,1000,123.604103
-58.980047,48,123.671402
-815.239965,1000,125.079194
-0.738425,16,125.101861
-56.686727,58,125.182886
-30.955707,42,125.241671
-2.678448,24,125.275191
-1.337975,28,126.136981
-35.024444,63,126.225069
-28.480857,24,126.258745
-10.466766,13,126.277033
9.496617,27,126.314918
-34.603291,50,126.385148
-15.065706,28,126.424588
-39.308959,88,126.547726
-26.721429,25,126.582951
-17.287694,13,126.601357
-68.365046,111,126.756163
-44.801332,38,126.809557
22.409199,37,126.861836
-6.452293,37,126.913828
-11.559842,15,126.935114
-56.363626,80,127.046846
-3.376891,12,127.063817
-27.924177,28,127.103327
-9.08613,17,127.12744
-36.150465,37,127.179082
-25.352309,36,127.229625
-7.104837,16,127.252001
-18.586825,33,127.298239
-56.545113,96,127.433957
-15.476508,52,127.50709
-9.574059,58,127.588347
-802.340904,1000,129.837585
-11.543092,36,129.888631
-9.00848,44,129.950304
-48.756357,69,130.046681
-57.99314,58,130.128249
-80.230733,85,130.246963
-148.53805,99,130.385459
-25.926638,16,130.407948
-16.493721,23,130.440274
-10.654714,33,130.486697
-24.460391,23,130.519151
-325.559719,376,131.048276
-12.452643,16,131.070846
-86.405257,52,131.143516
-32.284961,53,131.217474
-20.879385,53,131.29132
-33.682707,75,131.396527
-18.344983,25,131.431561
-24.553181,21,131.461051
-14.873016,22,131.491923
-111.304338,78,131.60127
-113.367533,120,131.768885
-31.522054,60,131.852707
-98.091603,155,132.069022
-20.566866,30,132.111283
-54.349782,31,132.154736
-4.525476,24,132.18851
-3.034714,41,132.245832
-20.734467,19,132.272505
10.278843,37,132.325235
-8.207026,30,132.36798
-8.667165,13,132.386361
-49.521384,33,132.432554
-18.576196,13,132.450898
-9.728546,18,132.476209
-5.495718,10,132.490376
-129.611138,143,132.690495
-62.485223,51,133.592945
-34.426103,33,133.639068
38.483173,53,133.713234
-24.325428,37,133.765172
2.591122,65,133.856344
0.985527,18,133.881711
-49.833198,53,133.956096
-31.339308,28,133.995342
-84.152313,99,134.13386
-76.011952,122,134.305092
-21.403232,24,134.339094
-8.899273,86,134.459098
-18.406255,22,134.49004
-55.808157,70,134.588361
-131.158898,129,134.768064
-392.060778,563,135.559141
-80.459538,77,135.666984
-192.028535,133,135.852851
-16.311636,14,135.872626
-64.253104,93,136.002598
-16.049374,45,136.065573
-33.353445,58,136.146718
-41.320017,73,136.248624
13.381581,42,136.307516
-32.062036,45,136.370708
-31.393068,47,137.259943
-9.959064,32,137.305043
-7.595502,11,137.32059
-70.302722,48,137.38818
-51.382114,35,137.437185
10.632239,89,137.562078
-4.522312,19,137.588906
-2.651925,45,137.65209
-24.485993,22,137.682979
-63.315399,103,137.826782
-56.802075,90,137.953032
-25.503877,55,138.029516
-24.620853,33,138.075822
-12.262015,23,138.108982
-4.251779,17,138.1332
1.008435,14,138.153128
-52.461947,158,138.374475
-16.425572,17,138.399409
2.415006,27,138.437291
-25.571919,25,138.472352
-35.455834,21,138.501791
-23.263081,16,138.524549
-40.12077,39,138.579124
-6.752171,46,138.647125
-25.137695,34,138.694603
-2.654257,33,138.740757
27.041531,29,138.781624
-22.882824,15,138.802924
-12.053788,34,138.850658
0.617861,15,138.871981
-19.799324,21,138.901354
-41.963736,67,138.99501
-10.906797,13,139.01331
-4.976384,53,139.087324
-14.441371,47,139.153254
-24.264344,37,139.205091
-15.10219,26,139.241604
-61.597169,73,139.343708
-15.716626,13,139.362027
-801.61575,1000,141.601078
-13.853574,17,141.625179
-667.949544,824,142.78585
-14.787688,14,142.805624
-50.881127,38,142.858765
-114.95228,91,142.985989
-14.849818,41,143.043177
-108.507779,106,143.190903
-32.360737,32,143.235725
-27.891224,44,143.297234
-21.576791,69,143.394076
29.248793,97,143.529793
-677.56663,936,145.682053
-15.971903,21,145.711513
-15.149343,17,145.735573
-52.330234,56,145.813581
-68.220248,189,146.077944
-11.926724,28,146.117264
-32.033633,78,146.226228
0.685962,60,146.309922
-28.244259,50,146.379956
-54.375909,94,146.511708
-7.549174,23,146.544159
-14.99614,66,146.636247
-22.402951,76,146.742384
-44.352164,53,146.816637
-15.927458,51,146.888039
-24.949263,56,146.966503
-24.471481,33,147.012771
-17.010482,15,147.033846
-22.991404,18,147.059275
-10.933904,46,147.123787
-3.093426,11,147.139447
-13.083337,13,147.157714
-41.373531,56,147.236074
2.075156,9,147.248873
10.895874,16,147.271428
-17.421491,52,147.344336
-21.35688,59,147.427007
-23.558872,24,147.46062
-27.557625,43,148.374901
-51.707118,44,148.436988
-5.417721,11,148.45252
-51.632376,58,148.533585
-17.056541,24,148.567284
-19.116782,15,148.588299
-107.247036,212,148.886091
-12.091708,58,148.967099
-50.583842,45,149.030132
-10.120104,46,149.094652
-11.277736,30,149.13679
-57.192366,35,149.185639
-17.25818,78,149.294644
-22.928598,27,149.332469
-676.087999,1000,150.74344
-6.956886,19,150.770258
6.21466,13,150.788423
-23.914253,16,150.810992
-21.460492,18,150.836341
-730.380911,1000,153.080948
-20.176996,34,153.128701
-23.992878,23,153.161001
-12.047584,12,153.177894
-20.000598,28,153.217015
-14.497337,57,153.296841
-42.935017,35,153.346176
-23.38164,18,153.371408
-78.434208,69,153.468093
-16.93326,23,153.500549
-13.103018,18,153.525893
-2.951158,18,153.551119
1.606968,18,153.576365
-240.103827,306,154.006834
-42.163585,53,154.080948
-4.797944,23,154.113141
-38.332027,30,154.155124
-8.997822,28,154.194279
-1.670428,22,154.225229
-13.532133,41,154.282508
-25.464731,28,154.321786
0.018397,54,154.397406
1.660203,20,154.425492
-11.40656,24,154.459174
-628.58969,1000,156.696655
-21.862138,41,156.754334
4.292337,82,156.868907
-0.986362,69,156.965385
-11.755923,30,157.007311
-11.70283,20,157.035254
-8.540372,11,157.050792
-5.614839,15,157.071979
-31.394056,83,157.187996
-14.869519,41,157.24541
-19.790584,23,157.277713
-35.806443,25,157.312662
-754.044262,1000,159.560185
-2.048005,12,159.577456
-11.743472,24,159.611159
-271.303518,267,159.986024
22.540901,127,160.163674
-115.134922,100,160.303064
-45.110894,60,160.387189
-4.559417,13,160.40555
-9.358826,28,160.444717
-49.173582,41,160.502121
-16.335971,20,160.530176
-47.549867,41,160.587655
-29.566951,57,160.667205
-3.648344,18,160.692454
-8.192834,9,160.705215
-4.752631,23,160.737447
-83.577853,73,160.839778
-70.550536,146,161.043205
-2.105302,16,161.065866
-20.618096,17,161.089659
8.698134,30,161.131636
-14.666084,38,161.184747
-11.029529,16,161.207273
-14.472173,29,161.247996
-7.905885,28,161.287298
-37.303362,42,161.346169
-54.603692,41,161.403395
-33.031818,18,161.428666
-38.914478,44,161.490261
-6.82391,18,161.515429
-20.455197,14,161.535207
11.440465,56,161.613889
-89.491118,79,161.724122
-3.38056,27,161.761994
-50.092512,58,161.843112
-0.287795,22,161.873956
-1.503931,12,161.890944
-59.426914,46,161.955374
16.65782,26,161.991858
-9.889863,19,162.018671
-90.338327,102,162.161348
-24.31333,61,162.246421
-49.946956,75,162.35139
-746.725465,1000,164.598916
-109.732194,78,164.707733
-20.918124,21,164.737206
-90.346359,78,164.846558
-19.346226,18,164.872083
-10.614522,30,164.914124
-13.395675,22,164.94488
-50.63925,60,165.028902
-33.584548,81,165.142589
-7.952243,14,165.162341
-13.336909,17,165.186249
-5.173818,13,165.204677
-23.193791,34,165.252271
-19.579502,54,165.327624
-12.222781,13,165.34608
-89.32472,121,165.514741
-23.441305,30,165.556877
-9.41609,11,165.572463
-81.142958,167,165.806037
-17.524571,15,165.827188
-15.799723,75,165.932369
-21.127045,31,165.975948
-12.551085,48,166.043211
-78.038976,64,166.980324
-453.388395,639,167.879494
-46.738316,55,167.95616
-24.332874,28,167.995422
-0.242691,20,168.023475
-19.867656,22,168.054188
0.355795,37,168.105813
-14.305782,11,168.121262
-52.88035,90,168.246625
-16.051219,13,168.264989
-15.727591,26,168.30141
-65.425606,40,168.357496
-7.725232,15,168.378639
-29.773222,19,168.405345
-0.022236,35,168.454334
-34.237107,74,168.558188
-13.633648,10,168.572378
-37.477686,56,168.650939
-11.066863,19,168.677624
-32.349503,38,168.730834
-43.76747,71,168.830001
-28.761383,24,168.863702
-6.423411,15,168.884784
-25.715464,19,168.911449
-35.752398,30,168.953442
-24.755414,42,169.012249
-64.358264,27,169.050023
14.581953,25,169.085061
-12.203419,12,169.101996
-6.472898,20,169.130063
-39.741554,54,169.205421
32.816588,77,169.31302
-23.728923,65,169.403944
-14.00298,41,169.461191
-8.094972,13,169.479494
-37.524621,69,169.575866
-7.596873,12,169.592788
-34.893617,23,169.625006
-21.642712,19,169.651821
-14.492143,18,169.676976
-13.657949,29,169.717501
-11.68821,30,169.759464
-29.891217,91,170.718613
-569.494404,1000,172.12497
9.868994,26,172.161856
3.688406,31,172.205441
-24.949391,24,172.239007
-13.782723,45,172.301856
-12.401801,17,172.325759
-46.163992,120,172.493489
-2.465156,27,172.531238
-36.75617,43,172.591385
-31.907357,67,172.684981
-2.287245,14,172.704713
-50.48765,35,172.75367
-9.251082,63,172.841747
-29.357542,27,172.879684
-43.358074,48,172.946586
-18.506548,23,172.978793
-33.473153,50,173.048628
-7.050958,11,173.064035
-35.432953,32,173.108738
-14.169708,59,173.191021
-88.451308,181,173.442817
-18.014784,25,173.477906
-30.738028,27,173.515587
-17.39537,16,174.360558
-63.229634,83,174.476716
-21.929521,22,174.507507
-6.639143,44,174.570024
29.075988,52,174.64301
13.89738,29,174.683825
16.125552,25,174.718805
-14.67665,23,174.750935
-17.015593,61,174.836185
-5.881812,12,174.853122
-44.31411,35,174.901789
-89.655664,133,175.087341
-34.392812,48,175.15456
-8.986766,87,175.275969
-6.83084,24,175.309627
-8.501208,13,175.327876
4.015518,21,175.357431
1.944247,48,175.424686
-7.097415,12,175.441751
-14.579128,12,175.458675
-25.413951,52,175.531348
-4.01925,21,175.56093
-71.356588,120,175.728246
-5.253929,50,175.798401
-11.924433,17,175.822192
-56.245157,34,175.86992
-31.039299,47,175.93563
-2.052298,42,175.994364
-31.889099,126,176.170977
-47.010829,57,176.2509
-1.082717,13,176.269283
-40.932606,24,176.302753
-9.552222,13,176.321092
-32.16214,126,176.497294
-8.810095,13,176.515667
-30.327846,61,176.601404
-13.753075,21,176.630861
-10.258173,16,176.653561
3.46164,26,176.690099
-1.735988,13,176.708267
-16.224688,16,176.730803
-8.716771,22,176.76159
-5.579712,21,176.791152
-659.297071,1000,179.045245
-40.749573,29,179.086082
-56.038008,31,179.129573
-30.121086,30,179.171845
-24.154365,35,179.220813
-23.758661,31,179.264277
-16.788378,33,179.310467
-31.076248,22,179.34151
-6.696797,14,179.361343
4.064609,28,179.400569
-3.629253,23,179.432899
-50.290867,59,179.515377
16.100018,45,179.579072
-16.061118,53,179.652972
-21.507933,105,179.799999
-92.527668,177,180.047158
-10.396,26,180.083844
-16.152066,16,180.107042
-14.308991,18,180.132744
-5.039993,49,180.201705
-8.051032,70,180.299603
3.013241,13,180.317875
-23.29572,23,180.35022
-23.472029,36,180.400432
-39.350572,112,180.556871
-12.306475,27,180.594762
-10.480482,18,180.620313
-140.294064,153,180.835386
-21.471573,28,180.875274
-690.300918,1000,183.131156
-11.568215,46,183.195842
-17.683072,37,183.247631
-41.942742,31,183.290969
-36.63531,56,183.369901
-6.521965,12,183.386744
1.16489,28,183.426185
-25.701638,93,183.556438
-4.309871,13,183.574898
-22.222708,22,183.605713
-53.52961,60,183.689551
-37.232011,57,183.769117
12.470766,34,183.816726
-1.014645,13,183.835044
-41.640781,35,183.884172
-6.497351,15,183.905198
-648.889299,1000,186.154388
-4.107548,16,186.177219
-19.773034,77,186.285236
-46.531674,59,186.367898
6.27817,25,186.403061
-12.960059,20,186.431221
2.903428,16,186.45379
3.068041,125,186.629501
-7.340606,12,186.646503
-7.606189,30,186.688648
-47.074276,48,186.75578
-32.539059,41,186.812902
-24.842989,59,186.895471
-11.151654,21,186.924883
-170.84456,141,187.121448
-8.728695,66,187.214077
-9.022492,52,187.286684
28.143499,81,187.40012
13.983761,24,187.433897
-0.73645,20,187.461923
-61.909554,88,187.585171
-2.515792,32,187.630024
27.281123,36,187.680988
-56.505236,178,187.929255
10.390982,56,188.007438
-67.989137,101,188.14839
-10.647961,12,188.165341
34.287213,79,188.27585
35.315506,34,188.323389
-67.408934,63,189.243812
-37.759045,39,189.298544
22.614606,55,189.375571
-8.87876,9,189.388303
-6.668772,32,189.433079
26.218295,40,189.489264
-0.744135,31,189.532639
-19.775924,15,189.553674
-2.592045,12,189.57054
-15.69542,21,189.60003
-32.137443,98,189.736706
-51.123256,47,189.802329
-13.296762,13,189.820739
-18.163377,23,189.853094
-31.888985,17,189.877068
-28.26602,43,189.93706
-34.632384,62,190.0237
-4.532639,13,190.0418
-47.019536,58,190.123001
6.952312,20,190.151088
5.920552,59,190.23372
-43.44836,25,190.268807
-11.040713,22,190.299651
-13.410337,39,190.354447
-0.777433,14,190.374184
-98.791023,153,190.588032
-2.193271,14,190.607697
-40.556653,54,190.683317
-12.944789,20,190.711376
-10.411716,17,190.735406
-11.763787,13,190.753648
-5.536435,13,190.771932
-430.056379,742,191.815777
-3.556933,21,191.845302
-10.920222,19,191.872013
3.521889,34,191.919548
-151.877807,198,193.050997
-8.962999,28,193.090235
3.279846,43,193.150884
-10.159993,14,193.170654
-15.41805,18,193.195956
-40.551811,57,193.275703
-54.452206,44,193.337367
11.855944,53,193.412045
-9.107544,26,193.448783
-18.492593,22,193.479764
-7.102058,15,193.500899
-43.580009,50,193.570769
25.21039,47,193.636655
-2.454665,17,193.66054
-1.584594,77,193.767823
-65.735151,95,193.900853
-3.299031,14,193.92049
-2.179488,86,194.040324
-40.206095,34,194.08786
-10.408507,17,194.111884
-10.775951,24,194.145734
-57.25768,46,194.210506
-44.56564,64,194.299927
-15.084813,34,194.347895
-1.593651,15,194.368883
-775.021239,1000,195.778358
-31.584191,37,196.672734
-21.315957,74,196.776609
-29.590909,41,196.834697
8.836744,21,196.864375
-34.789508,30,196.906363
-8.619945,72,197.006773
-478.277838,591,197.840786
0.426811,26,197.877345
-73.200675,73,197.979465
-10.559139,35,198.028613
0.26194,15,198.049783
-7.084566,31,198.093366
-28.371446,91,198.220739
-23.806077,16,198.243278
-39.849134,42,198.302011
-531.105986,1000,200.535047
-48.136538,54,200.611109
-1.835039,41,200.668705
17.093096,42,200.727604
-2.503675,17,200.751428
3.435964,11,200.767027
-119.825611,147,200.972498
12.217178,20,201.000529
-9.445219,14,201.020338
-2.258668,31,201.063978
5.861174,35,201.11295
-5.458311,13,201.131228
1.748743,20,201.159368
-5.484126,15,201.180493
2.48887,29,201.221184
15.226966,58,201.3022
-105.420369,90,201.427998
17.454585,74,201.531515
-17.269211,14,201.551244
6.152894,79,201.661576
2.405181,17,201.685407
-6.811805,22,201.716417
-10.14986,30,201.758489
-25.492865,15,201.779692
-146.340824,137,201.971201
7.708895,23,202.003496
-5.525474,11,202.018962
-4.483102,95,202.15164
-3.101255,46,202.216195
-9.525743,40,202.272454
-330.887098,568,203.072327
16.96639,32,203.117132
1.817252,28,203.156406
-16.116987,12,203.173308
-12.737636,69,204.096723
-11.850653,40,204.15295
-12.906105,36,204.203583
-12.331688,13,204.222028
-13.219389,46,204.286326
3.18726,44,204.348176
-70.858229,91,204.476703
-42.81951,116,204.640187
0.859805,12,204.657253
-656.873171,1000,206.071145
-17.960943,25,206.106488
-5.751074,21,206.136283
-4.924175,28,206.175947
-508.218508,1000,208.414301
-10.412023,19,208.441199
53.341227,65,208.532367
-4.997019,16,208.554806
-1.244875,11,208.570309
-67.765075,72,208.671127
-17.896169,18,208.69649
-23.776456,34,208.744348
-30.768255,53,208.8188
-66.538937,74,208.922692
-267.79102,386,209.466305
-6.281722,64,209.556082
15.010588,64,209.645645
-13.780827,19,209.672304
-16.775448,61,209.757474
-0.526823,35,209.806587
-48.317673,77,209.915031
-12.236009,28,209.9543
-2.72939,14,209.973998
-18.614003,32,210.019015
2.534721,33,210.065376
-10.971967,12,210.082295
-18.56831,21,210.112347
4.606752,30,210.154424
-49.575336,44,210.216475
-33.612892,44,210.278019
-12.930548,30,210.320059
-9.702126,16,210.342465
-18.095273,30,210.38478
-60.930618,75,210.489405
-529.294796,1000,212.718904
-13.941993,14,212.73871
-195.225639,375,213.266073
2.726907,62,213.352896
-15.415827,14,213.372516
-12.515211,72,213.473011
4.495371,13,213.491361
-17.986072,52,213.563884
-29.456363,46,213.628221
-29.53269,25,213.663213
-39.218452,50,213.733134
-11.938912,16,213.755594
-8.360834,78,213.864651
-15.332434,20,213.89266
-48.061547,95,214.025234
-5.114222,12,214.042094
-36.727539,71,214.140956
-39.488467,22,214.171854
-4.012438,11,214.187351
-290.476886,574,215.838202
12.567111,37,215.890245
-5.207437,14,215.909923
-8.482957,55,215.98688
5.781128,47,216.052684
-8.775463,27,216.090518
-4.808033,19,216.117228
-12.601808,12,216.134179
8.073404,30,216.176224
-7.642636,24,216.209632
-33.925013,28,216.248942
-9.923489,31,216.292543
1.928785,14,216.31239
10.19468,15,216.333467
6.566499,45,216.396681
-4.019333,18,216.42196
-1.392187,39,216.476507
-21.863195,48,216.54397
-30.916269,91,216.670885
-11.312557,13,216.689161
-6.558124,16,216.711654
-3.601018,11,216.727245
-33.882045,27,216.765052
-9.681732,12,216.781814
-43.600645,44,216.843341
8.252838,35,216.892254
1.352167,22,216.92316
3.762588,22,216.954165
-20.424913,31,216.997557
0.631814,62,217.084313
-4.585653,22,217.115342
-3.214593,71,217.214452
18.559168,39,217.269059
-4.427723,21,217.298518
-18.168221,26,217.334897
2.975514,20,217.363052
-24.250787,49,217.431768
-22.0289,20,217.46004
-70.471497,85,217.57912
-6.412128,37,217.63083
-36.586273,29,217.671294
-65.001367,60,217.755109
-6.845906,12,217.771944
-28.269562,91,217.899674
-18.372549,25,217.934791
-9.267508,50,218.004767
-40.691957,59,218.919395
-1.272325,35,218.969358
-23.257054,59,219.051839
-0.176137,81,219.165113
-17.948911,20,219.193329
-10.691167,32,219.238296
-79.25619,94,219.369699
-7.748503,19,219.396576
-40.916325,57,219.476398
5.398416,147,219.681466
-3.482328,52,219.753951
-221.477293,417,220.341023
5.229097,43,220.401391
-34.732012,64,220.490782
-23.472846,19,220.517514
-26.421702,25,220.552724
-57.460749,87,220.674456
-4.773729,12,220.691583
-10.241335,16,220.71414
-32.692242,46,220.778341
-30.61498,29,220.819085
-75.627736,111,220.974752
4.591225,22,221.005545
1.613743,9,221.018312
5.370709,18,221.043641
-620.255796,1000,223.280855
7.858338,12,223.297941
-1.695986,76,223.404446
10.337578,25,223.439662
1.625612,15,223.460753
-44.55581,79,223.571551
17.988698,19,223.598245
-28.625236,70,223.696077
-46.619689,62,223.782918
-12.276227,21,223.812803
-18.714599,23,223.845101
-7.582267,33,223.891355
-22.083521,17,223.915328
21.166971,40,223.971779
2.051195,18,223.997032
-12.956241,48,224.064108
15.85282,28,224.103492
-7.190713,22,224.134361
-0.160944,14,224.154113
-18.172439,39,224.208834
-503.336407,1000,226.438081
2.896662,18,226.463647
-24.459619,62,226.550655
-2.281274,20,226.578903
-22.468875,37,226.63084
-21.671208,38,226.684074
-27.355444,62,226.77105
-4.651912,90,226.896955
-18.737259,42,226.955507
-22.14046,21,226.98484
-3.332917,34,227.032487
-39.611397,64,227.122014
-41.077011,77,227.229655
8.353813,49,227.298888
-13.145008,52,227.37184
6.753682,15,227.393064
12.677354,36,227.443329
-1.284759,12,227.460138
-16.487995,15,227.481227
-54.944028,42,227.540195
-10.92908,14,227.559889
-56.770468,56,227.638467
-19.521104,13,227.656755
-19.940127,25,227.691785
13.938739,81,227.804996
0.922098,25,227.839931
-24.25665,36,227.89038
-44.372301,66,227.982573
-19.847423,34,228.030256
-14.289309,69,228.126776
-47.06137,75,228.232332
-47.05979,108,228.383289
-11.328059,36,228.433657
-31.23272,116,228.595782
-11.858337,50,228.665799
-3.148733,36,228.716166
-8.043194,13,228.734489
-20.045099,13,228.752806
-7.990492,14,228.772526
-13.813473,49,228.841195
-24.736458,48,228.908617
-5.285109,15,228.929719
-21.526472,53,229.004041
-16.585893,35,229.05304
-14.507054,18,229.078458
6.089033,26,229.114837
9.020377,50,229.184817
6.933682,41,230.063736
-18.979043,52,230.136757
-20.312479,33,230.183086
-0.965154,23,230.215398
-98.372098,77,230.323065
2.561398,50,230.39309
-54.793046,125,230.567886
-22.506003,30,230.609977
-34.169756,70,230.709299
-4.592525,43,230.769706
-39.901424,52,230.842318
-16.003334,25,230.877378
-57.348396,41,230.934347
15.420295,144,231.1355
-1.479553,15,231.156729
-4.468457,20,231.184885
3.516993,33,231.231141
-3.564847,8,231.242573
-22.143952,38,231.295756
-3.740381,22,231.326509
-54.59293,54,231.402286
-7.778383,29,231.442887
7.091404,21,231.472526
0.916457,12,231.489472
-1.924297,34,231.537346
-181.05572,156,231.754957
-21.667068,89,231.878595
-587.091967,1000,234.106936
-18.406706,46,234.171455
-19.985392,18,234.196833
0.977969,11,234.212373
-47.473811,79,234.322616
-5.53406,17,234.346581
-15.660009,24,234.380411
5.766557,15,234.401487
-6.945059,32,234.446559
-8.707336,14,234.466306
-12.982276,18,234.491578
-12.275331,12,234.50847
-9.382921,12,234.525558
-11.771819,10,234.53986
-27.691832,56,234.618578
-6.159624,12,234.63546
-20.856395,40,234.691474
7.05346,16,234.714012
17.07407,40,234.76991
-32.6337,44,234.831417
-48.727919,50,234.90117
-8.816112,49,234.969671
-11.321342,15,234.990741
-70.342148,72,235.091398
-15.429107,22,235.122218
-6.114809,15,235.143292
-33.373778,30,235.185416
3.496608,17,235.209294
-21.961382,28,235.24856
-4.921193,42,235.30718
-9.331254,10,235.321288
6.562112,19,235.348017
-635.491335,1000,237.588868
-3.553021,38,237.642363
-2.740884,26,237.678824
10.255209,24,237.71254
-57.64256,47,237.778347
30.102697,57,237.858111
-6.766352,26,237.89459
-14.614612,15,237.915751
-19.96832,65,238.008893
-15.562465,20,238.037429
-50.902048,71,238.137269
-62.642199,120,238.30479
-19.310986,16,238.327369
-221.785322,389,238.877296
-33.041852,47,238.942724
-8.877392,15,238.964264
2.37318,26,239.000779
-36.48244,46,239.065194
-24.318151,35,239.11427
4.048856,49,239.182946
7.807878,33,239.229206
-580.113546,1000,241.472715
-11.659246,11,241.488822
1.138145,18,241.514732
-16.085596,17,241.53875
5.904883,28,241.578001
-5.559823,14,241.597751
-14.727749,33,241.644067
-1.253354,13,241.662395
-16.918869,12,241.679291
1.333449,91,241.806279
1.720603,13,241.824459
-9.374991,14,241.844057
-57.17541,116,242.006653
-23.507381,20,242.034927
-36.613672,58,242.116152
-9.228839,17,242.140087
-135.243571,113,242.299017
-14.351844,19,242.325823
-30.153575,58,242.406908
-15.87215,25,242.442247
-149.357601,114,242.602036
-13.299353,25,242.637231
-6.397004,14,242.656992
1.934451,36,242.707397
0.218046,24,242.740964
-26.268701,39,242.795777
-15.701785,28,242.835059
-34.307726,54,242.910457
-14.596599,29,242.951268
-27.883774,34,242.999182
-45.476142,30,243.041256
-0.650867,21,243.07067
-5.94835,19,243.097486
-3.911459,79,243.208288
-13.353066,12,243.225188
-27.831223,62,243.311888
-2.373293,87,243.433877
3.610271,12,243.450824
-21.216012,38,243.504068
-33.381653,56,243.582736
4.557945,34,243.630405
-3.035864,26,243.66668
22.54968,38,243.719811
-7.525658,14,243.739631
-11.24254,17,243.763517
15.403394,77,243.87098
-60.030124,109,244.859111
-5.79863,35,244.908953
-41.731431,84,245.026633
-70.539447,98,245.163882
-9.205298,13,245.182198
-0.074585,23,245.214611
0.298285,47,245.280256
10.448407,41,245.337476
-13.493454,31,245.381056
-25.346727,92,245.509372
17.186754,35,245.558412
-491.633531,1000,246.968587
-6.731407,13,246.987167
-6.58625,15,247.008354
-24.592604,29,247.049009
-4.972006,106,247.19728
-23.261179,45,247.26041
-4.046604,8,247.271742
-17.43371,39,247.326337
-10.717476,15,247.347436
-2.785305,14,247.367316
-511.907628,1000,249.598957
5.410999,21,249.62865
-96.559812,78,249.737629
-5.739575,24,249.771435
-15.392568,17,249.795276
-18.065702,24,249.828944
-538.780329,1000,251.236825
-19.781971,78,251.345655
-61.189527,68,252.274675
-27.252928,30,252.317179
-5.78052,97,252.453009
0.622057,12,252.470004
20.29414,22,252.500903
18.280891,32,252.545798
-7.077667,13,252.564223
-26.208504,21,252.593902
-27.077239,42,252.653368
2.358861,16,252.675886
-16.823132,22,252.706733
-7.93801,33,252.752974
19.227204,30,252.794694
1.206689,104,252.940022
-3.40288,30,252.982366
6.877213,24,253.016059
-2.599225,46,253.080476
-14.553416,13,253.098834
-34.02778,133,253.285246
-48.898219,61,253.371274
-13.151568,26,253.407911
-14.22088,46,253.472595
-23.64002,21,253.502189
-18.382653,41,253.559583
6.265672,15,253.580832
12.903558,72,253.681489
-84.38024,57,253.761235
34.92166,30,253.803358
5.559645,30,253.845572
-70.731342,101,253.988034
0.819966,15,254.00923
-1.772706,12,254.026145
-485.476789,1000,256.279251
-32.85367,56,256.358002
1.570229,20,256.386196
-24.022676,33,256.432395
-7.975794,16,256.454791
11.667953,24,256.488472
-10.088511,15,256.509681
-0.250765,14,256.529418
31.697325,43,256.589933
1.767642,23,256.622106
-32.707655,93,256.752108
-25.825427,33,256.798228
-12.730885,43,256.858521
-103.847853,247,257.203068
-6.968892,51,257.274729
-18.821962,23,257.307215
-31.415932,32,257.352036
-388.097184,830,258.524093
35.473617,42,258.583207
-17.084495,36,258.634859
-25.874199,15,258.656027
-25.264106,28,258.695858
-412.475287,700,260.522877
-19.170525,18,260.548226
-490.259494,1000,261.958637
-13.173427,24,261.992579
-0.574581,31,262.036171
-22.50358,47,262.102193
-234.939034,336,262.575563
-3.972353,21,262.604979
-9.273337,62,263.525915
-11.30857,23,263.558197
-68.129175,56,263.636437
-16.184562,12,263.653409
10.108671,22,263.684393
50.127287,86,263.80445
-30.257729,17,263.828374
3.257579,71,263.927386
-8.963156,13,263.94564
19.389519,35,263.994618
-32.852046,46,264.059221
-3.291124,12,264.076159
-20.200929,104,264.221275
6.479664,29,264.261883
12.123612,61,264.34709
-1.518115,77,264.45493
-41.492132,40,264.510895
31.270997,145,264.713682
-14.467231,22,264.744617
42.865751,92,264.873141
-13.379982,36,264.923366
7.915717,45,264.986335
5.744402,32,265.031044
12.840293,34,265.078685
-553.940797,1000,267.328974
-52.154559,163,267.557242
-2.281789,43,267.617554
-9.836524,13,267.635924
-12.115693,40,267.691814
-12.187551,16,267.714629
-21.90498,49,267.783215
-7.386296,39,267.837986
-2.583328,47,267.90405
-10.706797,38,267.95763
-16.066528,48,268.025166
-526.004995,1000,269.436639
2.242089,12,269.453821
-71.492822,60,269.537771
-36.679868,58,269.61986
-2.76306,13,269.638244
-4.53463,29,269.679068
-37.537505,104,269.825168
-6.672879,12,269.842084
-10.910457,19,269.868771
1.253013,100,270.008437
2.951074,24,270.884967
18.469933,77,270.993224
-0.460859,9,271.005853
-3.898476,21,271.035434
11.288619,22,271.066316
-26.338441,51,271.137948
-19.900654,50,271.207915
-3.47498,29,271.248598
2.145521,35,271.298014
0.469307,11,271.313593
-29.848565,88,271.436908
2.205083,34,271.484643
6.63424,61,271.570413
16.161198,27,271.608294
-42.874034,38,271.66154
-13.465815,54,271.737102
7.953978,60,271.820678
-74.075443,33,271.866883
-0.212487,15,271.887978
-50.791907,69,271.9847
16.888378,38,272.037706
13.753538,41,272.095295
5.14708,13,272.114037
-3.539432,18,272.139498
-10.566742,26,272.176008
-14.852627,122,272.347261
-17.226723,14,272.367283
-22.018874,54,272.442832
3.164324,12,272.459797
-28.784047,41,272.517275
-46.546806,36,272.567797
16.023028,46,272.631924
35.517203,65,272.722493
-13.006633,17,272.746316
3.76684,21,272.775871
-4.056157,38,272.829006
-33.658288,39,272.883831
3.529582,57,272.963541
-3.772887,34,273.011099
-23.10327,57,273.090623
-13.099412,24,273.124418
-27.545763,44,273.186082
21.20832,29,273.226657
7.130515,44,273.288454
10.991429,35,273.337498
-24.089926,48,273.405022
-25.953575,52,273.478085
-12.481087,18,273.503349
-10.812014,30,273.545735
-20.068388,20,273.573878
-20.543018,29,273.61458
-1.662804,32,273.659451
-8.511772,18,273.684817
-2.145595,31,273.728347
-2.673358,20,274.592824
-8.707934,28,274.632606
-5.111364,14,274.652666
-54.270186,99,274.791368
-27.638527,23,274.823624
14.3707,35,274.872652
24.351614,30,274.914894
-53.948062,52,274.987741
-7.179362,84,275.104848
-0.403107,14,275.12464
-11.322367,12,275.14143
-6.466035,11,275.156874
2.51169,28,275.196198
-1.043851,13,275.214449
24.118293,34,275.261895
-20.381562,67,275.355907
13.485367,39,275.410839
-4.221127,14,275.430529
-47.246346,41,275.488066
-5.677256,16,275.510558
11.753307,78,275.620473
-8.736558,10,275.634627
-55.147849,120,275.802579
-13.298756,68,275.897963
-12.7647,14,275.917788
5.634169,28,275.956921
-5.492977,23,275.989335
-7.034066,49,276.057812
-8.567184,21,276.087131
32.807021,59,276.169698
14.352536,59,276.252166
-13.963859,18,276.277442
-15.750288,21,276.307068
-16.6084,15,276.328276
-5.045508,22,276.359207
11.696163,18,276.384675
15.938701,40,276.440542
-0.394002,37,276.492334
-5.26478,36,276.542681
2.909075,31,276.586159
-26.589391,101,276.726917
-0.726988,33,276.773115
-147.100194,189,277.037013
-7.459062,36,277.08763
-40.114545,47,277.153412
-0.279137,44,277.21528
-20.401715,30,277.257035
17.224217,23,277.289279
-33.955573,53,277.36369
2.730914,50,277.433789
-9.908168,29,278.316824
8.907675,27,278.354941
-9.617808,15,278.376269
14.409799,53,278.452332
-15.110939,64,278.543103
-22.584825,47,278.609094
-8.781696,10,278.623236
-470.291306,1000,280.033767
-6.867534,27,280.071746
-20.281542,22,280.10273
-20.815821,56,280.181021
5.44974,22,280.211941
-37.945924,64,280.301417
0.272749,44,280.363155
-11.399869,66,280.455319
-59.408235,150,280.665267
7.624392,65,280.755945
-31.916226,51,280.82746
-6.069324,56,280.905303
-23.815682,29,280.946231
-37.510546,45,281.009632
-12.272238,15,281.030849
-34.981209,46,281.095097
-17.313557,25,281.130074
-15.050482,55,282.028407
-1.023999,15,282.049742
-1.600847,12,282.066725
33.367022,53,282.141309
-5.668783,17,282.165289
-157.334395,245,282.507243
-26.629397,33,282.554068
2.544951,26,282.590722
-28.191251,42,282.649609
-14.067905,14,282.669444
-0.787759,54,282.744987
8.676309,45,282.80791
-0.62604,20,282.835884
2.761443,14,282.855509
-10.499355,24,282.889303
30.548025,34,282.937323
-11.675612,27,282.975047
-1.687931,26,283.01166
1.874019,24,283.045314
-2.493747,12,283.062204
54.74779,57,283.142476
-4.524475,9,283.15528
-83.062287,65,283.246274
-5.691386,15,283.267375
16.579261,93,283.397811
-19.13125,50,283.467741
-4.586763,13,283.486144
-48.8792,47,283.55222
-30.378952,52,283.625156
10.784687,29,283.665841
17.998379,24,283.699496
-10.567473,43,283.759579
8.584021,23,283.791874
10.028883,17,283.815792
10.255644,41,283.873261
-78.078368,59,283.955618
6.666808,18,283.980907
-7.392804,56,284.05932
-0.098475,15,284.08036
-387.477137,1000,286.311991
-21.186454,44,286.373926
-0.374665,9,286.386719
7.817609,45,286.449564
31.2975,45,286.51267
50.388326,45,286.576027
-22.109314,27,286.614044
-44.955421,41,286.671237
-4.279869,13,286.689639
5.492138,32,286.734318
-457.157648,1000,288.145617
8.710117,21,288.175224
0.882828,54,288.251175
-69.51379,55,288.328152
-1.853096,20,288.356203
-25.672351,114,288.516334
-22.792105,26,288.552974
-12.713867,21,288.582487
-8.066162,16,289.447541
6.474646,16,289.470351
1.505459,17,289.494488
-46.999227,49,289.56332
-445.347772,1000,290.972408
7.131263,76,291.078926
-0.56761,9,291.091735
54.322418,168,291.325855
2.592708,12,291.342788
-15.446129,29,291.383461
-10.178194,81,291.496554
-20.216857,13,291.514901
-405.496407,1000,293.760582
-16.281948,15,293.781875
14.601743,50,293.851833
-400.597724,1000,295.25735
6.56679,15,295.278541
25.702058,34,295.326027
-60.007171,153,295.540818
-8.139214,28,295.580153
-8.943863,30,295.622287
-2.900374,24,295.655809
39.801697,42,295.714595
-30.045401,71,295.813856
6.480574,30,295.855965
-8.393105,18,295.881255
-16.915478,32,295.926159
-3.731032,33,295.972223
-0.186914,41,296.857725
14.599358,70,296.956566
7.485674,109,297.109908
0.152449,14,297.129669
5.477898,15,297.150931
-2.772569,55,297.228234
2.554507,41,297.286488
23.536297,94,297.419779
-426.903086,1000,298.839814
-79.706856,96,298.976675
-25.442405,66,299.069483
-14.842416,55,299.147494
17.555883,36,299.198151
-4.545339,18,299.223999
16.159977,46,299.288292
25.683904,41,299.346172
8.645752,40,299.40229
-82.484075,108,299.554157
-182.880334,400,300.95162
16.499955,74,301.054707
1.707992,24,301.088449
-16.424112,29,301.129417
11.975801,26,301.165929
-25.091232,87,301.287673
-16.06087,20,301.316205
9.77408,56,301.396108
-11.38881,20,301.42467
5.090632,35,301.475015
5.43729,117,301.639153
-1.429552,17,301.663068
-25.845693,17,301.686961
15.516566,57,301.767023
43.231547,129,301.94728
27.968329,87,302.068638
-21.790215,89,302.193623
36.363489,81,302.307198
-7.359398,20,302.335328
7.483315,17,302.359391
-13.748981,13,302.377846
3.479813,22,302.40871
-4.392915,18,302.433995
5.806234,26,302.470392
20.833534,57,302.550393
-16.051567,40,302.606539
3.820823,47,302.67213
-66.451361,101,302.813365
-46.22218,75,302.918061
3.562172,29,302.958572
-0.103378,12,302.975404
10.843717,18,303.000676
-36.906501,39,303.055304
-9.145768,15,303.076416
6.299464,19,303.10315
11.511569,19,303.129813
-59.567368,95,303.262182
1.97126,39,303.316842
35.157839,33,303.363227
-3.78192,37,303.415133
15.098091,86,304.38182
2.766432,37,304.433855
84.126286,39,304.488577
-104.682694,175,304.733309
-5.83887,12,304.750415
4.867239,51,304.821648
-383.286543,1000,306.232417
6.243012,19,306.259327
13.960733,41,306.316644
-26.449216,80,306.428838
15.883175,64,306.518213
-15.799649,30,306.560593
-13.567768,29,306.601418
10.563365,157,306.82075
-5.785403,8,306.832202
30.576367,38,306.885341
1.176171,82,306.999876
-13.46446,27,307.037614
36.46851,110,308.030653
-320.178172,1000,309.442542
3.905977,28,309.481936
-1.307012,15,309.502937
-24.616414,68,309.598114
17.33315,55,309.675114
-327.860781,1000,311.916676
8.171996,28,311.956058
1.297,13,311.97436
12.708528,19,312.001051
4.082418,29,312.041507
36.867709,67,312.135041
-21.974303,82,312.249834
-2.180629,29,312.290546
0.500117,42,312.349169
19.412753,19,312.376043
-3.811765,13,312.394546
-17.094821,31,312.438016
12.837967,51,312.509335
5.216622,18,312.53471
28.482776,22,312.565424
-20.37996,31,312.608939
11.295954,39,312.663701
-7.909383,60,312.747542
-1.295439,65,312.838736
9.01549,59,312.921882
-40.72797,69,313.018553
-1.207852,34,313.066054
20.164741,32,313.111141
6.930975,20,313.139361
0.037418,21,313.169065
-29.488486,153,313.382615
-9.817189,47,313.448215
29.521169,30,313.490388
25.172459,67,313.584275
-61.795109,73,313.68628
-3.32382,14,313.70601
-18.339359,74,313.809556
-4.668409,29,313.849975
-2.312987,79,313.960542
-28.039645,27,313.998477
37.844932,60,314.082291
-11.847953,53,314.157043
0.62047,34,314.204847
-8.104915,36,314.255362
-41.383109,85,314.374455
-7.989125,16,314.396965
6.06853,24,314.43061
64.885944,37,314.48237
16.615681,21,314.511962
-60.236572,199,315.616304
-173.505379,152,315.828366
6.249896,14,315.848246
-34.592106,46,315.912674
-24.128356,25,315.947769
30.819083,44,316.009549
-4.650146,20,316.037666
-17.094716,80,316.149075
11.113077,71,316.248233
-6.609856,30,316.29033
8.945173,189,316.554643
6.705049,16,316.577236
7.904067,17,316.601113
7.919837,16,316.623566
-5.390458,14,316.643217
1.311415,19,316.669873
2.337218,39,316.724443
4.434291,115,316.884832
-5.537487,65,316.975623
3.229111,12,316.992485
-5.638312,12,317.009284
-6.939284,75,317.114239
9.695422,25,317.149213
14.126369,16,317.171775
-25.46648,72,317.273025
14.599431,17,317.296897
7.79791,18,317.322215
-17.970087,33,317.368796
4.782498,20,317.39689
26.064122,53,317.471121
12.928231,37,317.522893
-9.543095,29,317.563505
3.370519,21,317.593123
54.531153,62,317.679771
32.084725,104,317.824856
-25.663956,30,317.866951
-2.111696,26,317.903508
-16.411664,24,317.937217
-9.363184,52,318.009885
-327.251139,1000,320.255637
-0.98823,12,320.272735
2.286373,63,320.360734
-235.556037,1000,321.770359
2.468769,24,321.804143
-35.780864,67,321.897893
-54.536229,141,322.948299
23.979048,18,322.973597
44.140633,104,323.118839
0.712377,15,323.139868
2.221097,11,323.155484
6.626481,47,323.221205
4.45642,18,323.246325
-70.531604,299,323.668468
-10.252075,18,323.693789
-14.324197,19,323.720609
-33.752828,110,323.874187
0.102757,33,323.920387
-12.199462,38,323.973483
2.081345,23,324.005722
-28.644333,29,324.046241
-59.641685,37,324.098219
-15.155263,58,324.179363
33.928848,33,324.225523
-8.759155,68,324.320645
-19.336257,47,324.386337
4.498285,36,324.436654
-31.726098,72,324.537242
-8.098551,109,324.689764
19.494363,58,324.7707
-8.0575,10,324.784915
-12.728425,28,324.824398
17.973792,18,324.849812
24.129762,37,324.9015
40.514165,72,325.002079
-9.690368,139,325.196289
0.892712,14,325.216066
27.948445,36,325.266304
-6.963775,48,325.333496
49.779266,253,325.686655
-11.372957,49,325.75522
46.126744,70,326.692097
10.717375,41,326.749558
-17.305972,81,326.862963
23.870848,68,326.958648
8.89017,39,327.013377
9.178485,25,327.048383
-29.634818,43,327.108446
-39.464684,28,327.147674
-13.054121,14,327.167357
-46.81219,102,327.310155
35.619478,64,327.3998
-46.445714,61,327.48514
-57.66893,123,327.657412
-12.484035,17,327.681258
-99.213204,123,327.853264
2.499336,30,327.895337
8.461984,49,327.964235
-9.411271,14,327.983882
0.916025,14,328.003525
-5.86107,36,328.054068
-32.267993,66,328.146416
-4.817833,14,328.166143
-0.888101,10,328.180272
25.084233,52,328.253117
6.661343,43,328.313008
-2.772002,30,328.355043
-48.581073,177,328.603054
84.434755,76,328.709051
32.149772,48,328.776252
-12.77124,22,328.807201
13.147577,39,328.862792
15.072507,16,328.885452
16.593937,59,328.968081
9.032263,36,329.018467
7.691937,36,329.068837
1.177589,10,329.082975
-30.278593,54,329.158638
-1.131736,29,329.19935
-0.170116,98,329.335857
27.262334,41,329.393496
-369.135742,1000,331.648555
-63.819213,123,331.820549
-284.693517,1000,334.06634
-23.374355,165,334.297729
28.993111,29,334.338444
-24.815207,68,334.434444
9.607387,59,334.517241
-9.872039,42,334.576603
-28.129693,38,334.630478
-2.26084,7,334.640499
4.340927,44,334.702211
-2.69359,20,334.730216
0.225945,40,334.786313
-1.356557,18,334.811594
-327.871896,1000,336.222018
-7.828318,27,336.260146
14.953415,61,336.34551
25.871103,62,336.432255
-5.918736,71,336.531655
-50.972742,174,336.774861
-11.706876,49,336.843527
-0.941464,15,336.864651
2.094916,30,336.906569
-32.335635,108,337.890527
-6.939686,24,337.924218
-23.406036,45,337.987545
-369.173299,1000,339.397902
-9.2715,13,339.416449
20.261338,39,339.47075
-322.650369,1000,341.718214
8.895924,18,341.743777
-22.398434,53,341.818177
9.967712,36,341.868666
6.090995,81,341.981758
-294.44564,1000,343.38865
8.244551,61,343.474271
-30.767591,64,343.563955
-27.752129,47,343.629811
28.105217,37,343.681626
-2.374794,12,343.698468
-75.816023,350,344.189621
-23.881404,43,344.249683
66.407099,105,345.227978
33.174174,21,345.257462
16.763758,71,345.356908
63.010609,72,345.457722
15.973748,72,345.558686
9.153406,41,345.616196
43.336213,55,345.692852
-21.934888,35,345.741643
4.761162,38,345.794858
-13.421267,69,345.89356
15.82699,29,345.934299
8.310977,43,345.994496
9.786028,17,346.018251
2.774959,36,346.068654
-350.841812,1000,347.477443
1.254199,43,347.537866
10.149276,17,347.561639
-1.513147,12,347.57858
3.704976,18,347.60451
15.21659,20,347.632528
0.050954,31,347.676178
14.761979,39,347.730598
11.783236,23,347.762924
-56.578398,69,347.859095
-24.511635,45,347.922371
21.099515,155,348.985543
51.34826,92,349.114379
32.22141,33,349.160943
-18.746115,43,349.221128
-11.585836,37,349.272901
-49.589628,133,349.458842
7.117745,20,349.487054
-5.365436,11,349.502539
29.261725,67,349.596604
14.643557,35,349.645612
27.884662,50,349.715899
8.512818,23,349.748301
7.33386,80,349.860085
-3.879439,40,349.916211
-8.009544,21,349.94578
-5.870408,35,349.994892
21.475949,28,350.034154
23.08331,85,350.153238
-18.483088,38,350.207711
21.68263,63,350.295916
18.170311,39,350.350451
-2.468362,26,350.387449
18.660977,36,350.437827
8.876792,27,350.475755
5.317564,28,350.515137
34.984817,48,350.583131
-0.620714,30,350.625142
-47.759292,121,350.795121
-17.283626,30,350.837262
62.854304,102,350.980091
-28.910251,34,351.027796
-16.36174,25,351.062797
13.573408,27,351.100603
-19.99554,41,351.158099
0.515536,21,351.187749
9.023892,26,351.224241
19.933424,74,351.327503
11.820362,34,351.375378
37.682568,59,351.458294
2.724219,39,351.513048
1.240108,9,351.525989
27.627943,115,351.687203
-7.279717,52,351.760026
8.391904,32,352.640122
17.193849,44,352.701932
-7.314063,24,352.735635
-2.392779,24,352.769216
-11.759789,16,352.791915
-4.546753,33,352.838095
16.504127,38,352.891482
7.117419,63,352.979226
-2.870019,28,353.018567
0.177407,10,353.032752
27.589265,103,353.17651
-36.123404,29,353.217129
-47.469133,51,353.288283
-23.566369,95,353.420828
-6.011775,27,353.458672
11.917034,20,353.486892
6.951532,39,353.541638
-69.493894,84,353.659517
2.684731,53,353.733499
-24.458956,35,353.782719
11.313127,71,353.882234
0.970675,23,353.914412
-65.385401,137,354.106008
29.711039,36,354.156934
-31.206464,56,354.23503
-11.340482,29,354.275607
4.607754,16,354.298133
-65.142058,200,354.576915
-6.123997,67,354.670669
26.051075,33,354.716785
43.409559,88,354.839364
-4.788737,22,354.870239
3.902349,38,354.923375
-2.035845,54,354.998652
-20.481288,60,355.082644
-13.787801,25,355.117687
-13.211103,38,355.170681
23.245751,42,355.229401
-0.844813,25,355.264566
-2.066916,24,355.298321
-10.95065,29,355.338957
37.480802,78,355.448081
-32.102482,111,356.443738
-19.78168,47,356.50947
19.522761,55,356.586611
13.037856,37,356.638774
19.845556,61,356.724039
-20.669501,31,356.767553
17.9359,57,356.847668
-19.546007,105,356.994467
-2.06613,26,357.031087
3.82534,23,357.063461
42.047764,81,357.176853
2.061137,27,357.214756
-32.678198,30,357.257728
37.194212,164,357.488221
-10.168133,26,357.524837
-244.173812,1000,358.936494
-14.936412,87,359.058429
25.749542,29,359.099066
6.775089,26,359.135547
50.016786,143,360.175891
5.782779,33,360.222469
-4.503911,34,360.270145
-16.945731,52,360.342636
5.811687,34,360.390558
14.074733,93,360.520464
34.018707,55,360.597184
13.768516,42,360.655885
-4.775154,27,360.693933
1.484992,39,360.748383
-2.790242,54,360.823731
46.923645,133,361.009548
5.275375,14,361.029223
-28.483345,60,361.113191
-301.512344,934,362.443588
-14.56989,69,362.540817
16.950131,30,362.583167
0.940959,25,362.618467
0.339895,17,362.642415
-4.705611,34,362.690482
-1.651295,15,362.711703
5.883501,66,362.804863
4.069665,23,362.837646
-49.434236,79,363.778778
-15.887713,13,363.797345
5.47163,100,363.937563
21.097559,92,364.066541
15.260252,36,364.117207
-12.598578,41,364.175002
-10.815456,78,364.283965
9.350512,85,364.402931
-13.673509,59,364.485693
-10.339909,38,364.538884
12.50807,90,364.664443
18.217154,24,364.698029
23.500011,64,364.787581
-12.914996,30,364.829639
-3.257864,34,364.877258
21.727617,36,364.927684
-0.626753,20,364.955845
26.703362,39,365.010162
-11.351736,49,365.078894
-316.31225,1000,366.488786
-13.622645,75,366.594071
20.145459,49,367.494066
-5.803613,30,367.536718
-1.106326,13,367.554999
22.11993,47,367.620926
11.226599,58,367.702667
-6.504736,18,367.727984
-13.895836,20,367.756131
20.677543,50,367.825991
-9.300532,16,367.848486
-13.200272,99,367.987309
3.889442,36,368.0377
28.951757,51,368.10886
1.06393,19,368.135547
5.089833,84,368.252878
6.95151,25,368.287817
-2.566347,16,368.310322
25.840333,84,368.42784
-6.928261,32,368.472716
-10.117063,37,368.524462
-224.919817,1000,369.931711
1.172376,34,369.97964
77.488305,93,370.109154
82.292468,122,370.279575
10.074939,13,370.297863
-12.101901,33,370.344015
-8.442577,29,371.220492
-26.025153,48,371.287969
1.247628,20,371.316164
14.320158,33,371.362287
-17.966148,71,371.461924
-71.287762,179,371.711621
-306.521035,1000,373.121558
8.262416,32,373.166655
8.308881,31,373.210203
-11.726858,18,373.235553
-11.310724,56,373.313763
13.669857,14,373.33337
49.667961,102,373.476098
-6.854443,20,373.504168
-11.299965,47,373.569988
-9.849471,65,373.661118
10.566157,30,373.703296
-3.318073,15,373.72434
7.561832,14,373.744018
29.710561,55,373.820965
-7.105434,49,373.889405
-10.53372,23,373.921685
-1.13599,25,373.956778
-8.996557,56,374.034858
-274.731364,1000,376.281144
8.820962,16,376.303822
17.775886,78,376.413249
92.977246,134,376.600637
-75.645433,128,376.778964
5.023203,18,376.804164
-23.699005,116,376.965952
-23.076769,50,377.035953
-4.165665,30,377.077837
22.924566,76,377.184057
19.042439,50,377.254708
-10.452149,150,377.464185
-4.254933,13,377.482512
27.655239,26,377.518956
10.24431,46,377.583859
6.005823,21,377.613202
27.959782,49,377.681792
0.585037,33,377.728009
-15.671275,145,378.753648
22.217127,53,378.827966
18.923609,14,378.847638
-146.02928,159,379.070223
5.433624,110,379.223792
30.264207,27,379.262198
-2.367216,50,379.332301
-6.458786,14,379.351993
-237.002245,1000,380.759367
-3.670413,23,380.791685
-3.528636,12,380.808649
4.43516,9,380.821469
-2.516868,13,380.839922
-0.994958,31,380.883386
29.789059,101,381.024721
-8.403618,65,381.115514
3.051747,19,381.142144
-4.8804,60,381.226265
15.288992,40,381.281944
3.030168,14,381.301679
-0.113455,8,381.313037
31.788197,36,381.363279
-9.22823,72,381.464026
-10.622922,32,382.347402
11.130024,57,382.427274
-3.631259,13,382.445675
-4.579357,32,382.49071
-20.297658,87,382.613124
18.633703,44,382.674441
26.29207,64,382.763963
-20.924163,31,382.807453
-4.522009,13,382.825782
-8.440172,55,382.902808
-4.465896,33,382.948905
22.822487,95,383.0817
-5.341584,43,383.142126
3.708161,38,383.1954
1.744655,27,383.233262
27.330275,58,383.314581
5.080661,24,383.347967
36.738703,96,383.482166
4.34701,31,383.525893
-43.176563,44,383.588083
-21.145593,28,383.627477
-255.048739,1000,385.034775
-0.588902,10,385.049165
-2.731012,15,385.070287
29.482474,30,385.112373
-7.409094,14,385.132051
-14.308561,26,385.168326
7.134868,32,386.041797
-5.057686,27,386.079889
-5.084524,58,386.161128
29.571438,44,386.222873
18.835658,75,386.328504
40.797162,45,386.391848
20.901846,30,386.433791
53.254094,76,386.540677
-0.887759,35,386.5899
1.756257,20,386.617865
-6.661001,169,386.853522
1.433091,21,386.883091
50.154404,53,386.957172
-7.983255,199,387.234796
60.61593,45,387.297889
-6.388561,16,387.320425
-4.279683,45,387.38365
-17.839925,45,387.446643
4.748771,16,387.469231
6.996319,72,387.572148
-12.613078,102,387.714828
0.156807,23,387.747013
22.08493,49,387.815582
3.716884,26,387.85207
1.807214,27,387.889935
10.842441,38,387.943143
22.332128,51,388.014454
-43.60275,102,388.15705
20.344916,30,388.199001
27.466188,41,388.256156
3.295919,28,388.295464
5.129862,51,388.366815
0.619675,19,388.393894
-4.224222,19,388.420619
-9.216908,63,388.508832
-0.089111,21,388.538261
-50.711838,90,388.663721
14.294732,36,388.713998
-8.035921,34,388.76158
33.815364,39,388.816337
-27.913023,33,388.862545
11.923289,14,388.882581
-253.444382,1000,391.113183
14.972631,74,391.216894
-4.355655,18,391.242142
11.376586,23,391.274344
-53.153624,90,391.399846
-20.371485,86,391.520481
15.699542,37,391.573035
-0.864688,57,391.653586
-8.909534,40,391.709741
17.515983,15,391.730737
-48.863023,190,391.995738
17.184212,89,392.119916
5.729007,35,392.169466
-11.592242,19,392.196051
22.456245,113,392.354284
-2.669462,136,392.544428
-0.419009,13,392.562807
-9.463899,44,393.460835
9.420831,16,393.483588
13.016984,24,393.51731
-1.346566,37,393.56906
-66.566385,71,393.668791
10.379207,25,393.703835
-0.239497,10,393.718058
-6.375712,13,393.736392
-10.46492,61,393.821871
-8.411462,14,393.841635
-193.9926,1000,395.251641
-18.098096,39,395.306378
19.404125,98,395.442814
78.671907,146,395.647357
18.947356,23,395.679658
5.763349,54,395.755116
-16.33991,33,395.80126
18.174548,20,395.829264
4.77816,10,395.843461
42.264276,58,395.92477
8.846529,29,395.96543
22.595319,26,396.001891
-30.163978,96,396.135609
22.697772,19,396.162182
-6.826279,30,396.20426
-4.035157,32,396.249053
6.610973,107,397.221543
3.924346,25,397.256893
6.609015,68,397.351866
-34.436549,84,397.469564
-8.327482,55,397.546616
-14.883849,96,397.681326
-6.450358,28,397.720594
9.66641,36,397.771096
26.331078,38,397.824038
-42.602363,69,397.92011
12.988744,75,398.025009
-0.436396,20,398.05297
-9.965612,98,398.18939
-172.465891,1000,399.600328
7.412081,13,399.61878
56.479339,56,399.696973
52.350265,88,399.819615
2.383952,40,399.87532
66.957613,113,400.853783
2.612279,22,400.884655
72.151626,63,400.972807
16.543257,15,400.993978
-4.318892,62,401.080548
8.029075,21,401.110027
-25.774564,27,401.147748
26.812959,26,401.184273
34.318063,92,401.31266
9.98672,46,401.376891
28.18769,37,401.42885
59.58721,96,401.563092
-1.170327,62,401.650428
-19.134856,32,401.695097
29.171827,235,402.023718
16.504196,35,402.072853
29.170122,53,402.147092
16.709119,21,402.176507
49.978407,51,402.247917
24.019949,47,402.313609
-4.566665,13,402.331918
-44.72072,169,402.568264
-42.277755,67,402.662151
21.216529,71,402.761345
39.119811,39,402.815916
-2.776467,11,402.831434
10.131991,17,402.855239
35.169907,59,402.937833
75.391556,108,403.08894
30.663128,158,403.309334
22.349696,36,403.359771
-21.064797,133,403.545753
21.888834,20,403.573841
51.198338,59,403.656823
-8.453754,28,404.529598
13.587939,73,404.632345
49.713188,52,404.705716
-48.809685,176,404.95146
17.940624,80,405.063118
52.252578,80,405.174609
6.935312,45,405.237669
9.277925,85,405.356074
19.323459,26,405.392722
-74.20267,1000,406.803231
2.85559,60,406.88731
66.600226,66,406.979226
-7.180481,22,407.010178
-159.108708,1000,409.256829
-190.331476,1000,410.667594
-4.2493,42,410.726587
16.755032,25,410.761523
28.828636,47,410.827114
7.974854,23,410.859547
7.174527,151,411.070306
-87.219988,1000,413.312468
18.47734,47,413.378425
-1.765903,170,413.616046
-2.605944,17,413.640124
-1.028025,113,413.798158
2.635202,35,413.84703
9.002381,51,413.918374
18.93634,49,413.987082
18.986132,39,414.041698
9.693754,125,414.216318
17.129937,58,414.297879
22.980166,31,414.341154
19.076402,18,414.366369
13.317907,33,414.412718
27.862209,144,414.61429
-5.287029,29,414.654996
-14.22433,36,414.705444
4.519344,12,414.722395
9.965618,43,414.782829
18.108916,46,415.67669
39.071628,100,415.816515
4.88236,78,415.926011
22.719049,27,415.964013
7.546567,36,416.014279
11.337118,55,416.091293
10.939665,30,416.133375
21.245589,53,416.207203
32.887197,34,416.254823
-99.549033,1000,417.664119
21.380925,87,417.785783
36.482999,66,417.877957
1.649038,26,417.914366
29.200789,35,417.963429
-11.592109,132,418.148645
21.934434,65,418.239914
6.151458,30,418.281981
18.08936,35,418.330949
-9.723579,37,418.382897
17.703635,29,418.423506
16.535444,189,419.535135
17.286953,97,419.670991
8.116651,21,419.700466
36.257967,46,419.764746
1.499151,20,419.7928
116.596293,170,420.029746
23.855444,56,420.10808
5.58856,15,420.129243
13.684471,39,420.184578
11.428737,27,420.222504
6.530594,92,420.350869
12.23949,17,420.37477
24.604042,117,420.538198
-52.242608,203,420.821477
2.061617,177,421.068597
52.133846,55,421.145606
-6.634358,154,421.370482
-11.546724,18,421.395897
9.114651,72,421.497219
8.789246,33,421.543707
-20.084085,115,421.704595
13.003141,22,421.735811
24.046081,85,421.854942
-42.537669,94,421.986609
-8.980279,138,422.180593
-16.925302,41,422.237922
73.444474,125,423.264992
16.673931,18,423.290432
7.069611,30,423.332567
3.374102,25,423.368057
30.931995,67,423.462306
-21.373208,1000,424.875929
4.256524,70,424.974224
35.862666,111,425.130715
0.808905,26,425.167198
-5.437357,33,425.213874
11.748618,17,425.237753
7.638363,89,425.362014
34.537965,35,425.41122
-31.087612,44,425.473411
49.583196,36,425.523874
-11.8765,73,425.626036
44.765158,39,425.680548
13.356275,24,425.714268
-1.604634,114,425.874063
-14.05306,80,425.986401
16.305706,16,426.848724
28.972056,34,426.896901
33.484074,32,426.94195
40.843773,102,427.085747
12.879746,84,427.203994
87.003555,79,427.316043
-7.8938,46,427.38088
46.106047,128,427.559967
-29.344079,158,427.78131
22.598786,83,427.897797
124.971633,166,428.131971
53.850594,181,428.384679
10.218597,17,428.408743
4.289807,24,428.442501
47.037375,115,428.603185
20.982099,55,428.680344
-115.035978,1000,430.959435
23.769965,49,431.029282
16.96829,55,431.10629
33.219011,111,431.262736
-79.66999,1000,432.676759
21.279387,33,432.723215
5.27893,81,432.836002
-48.995582,1000,435.103639
35.883591,31,435.147244
27.819252,80,435.259974
2.332882,26,435.296717
34.833568,61,435.383105
101.314672,83,435.499618
-53.509356,1000,436.910239
43.612769,40,436.968909
2.818337,17,436.992816
-0.330381,40,437.048731
43.25357,118,437.214106
21.283732,36,438.101312
28.044689,39,438.156029
35.408404,32,438.201086
-40.832797,1000,439.617012
20.67657,42,439.676114
35.345575,112,439.832819
-3.134334,18,439.85797
54.166635,34,439.905939
36.395916,37,439.957452
7.168359,22,439.988625
5.196655,35,440.038151
16.050261,35,440.087848
11.402452,35,440.136827
2.114395,39,440.191324
-79.018433,176,440.437688
33.980196,52,440.510527
-4.71019,29,440.551307
28.290947,84,440.669053
23.425551,30,440.711332
20.219964,120,440.879628
28.518294,98,441.891755
7.890555,74,441.9964
9.163553,62,442.08577
43.113049,75,442.190911
23.41066,613,443.054704
33.356995,29,443.095318
12.700573,21,443.124851
-25.289767,111,443.27965
11.157418,29,443.320382
27.660364,37,443.372204
46.735575,75,443.477204
-24.944958,77,443.585083
-16.555705,41,443.642569
72.67049,129,443.822714
34.025987,30,443.864765
-46.191226,1000,446.134244
-31.77764,155,446.351653
35.093138,58,446.4333
46.17874,35,446.482633
42.149438,78,446.59173
-6.228017,25,446.627079
-13.922014,55,446.70384
10.207473,74,446.807209
-3.125196,21,446.837041
43.634935,85,446.956036
-10.836293,26,446.993135
9.39456,54,447.069416
-4.454603,23,447.102279
31.267079,28,447.142075
0.760418,50,447.212265
132.76615,213,447.511202
4.92761,64,447.600848
-1.354847,24,447.634897
21.387655,90,447.760587
-2.742692,44,447.822512
2.686203,22,447.853516
35.253848,60,447.93725
23.15238,74,448.041764
92.717054,84,448.161109
16.934126,36,448.211708
13.348977,37,448.263454
20.696211,24,448.297134
11.825488,54,448.372817
40.663873,64,449.313643
28.777451,42,449.372918
19.860158,140,449.569215
-10.893928,151,449.781363
-2.507136,1000,451.196098
46.287513,42,451.255803
32.406817,47,451.322487
-31.855886,64,451.411997
43.138559,93,451.542905
122.469462,169,451.779198
19.441641,76,451.885727
51.278582,81,451.998663
-1.924101,53,452.073525
8.504397,19,452.100574
58.373639,69,453.046135
15.146928,64,453.136437
3.495185,17,453.160293
46.277689,51,453.231561
1.800376,19,453.258306
1.381845,20,453.286408
24.125319,1000,454.696659
-23.787533,152,454.909098
2.444483,20,454.937233
14.001211,76,455.043224
-3.43702,50,455.112851
-9.944734,172,455.353547
0.03689,38,455.406781
44.025652,69,455.503046
-66.521017,1000,457.73567
22.693527,36,457.786179
33.399664,85,457.904326
0.40349,75,458.008699
45.039442,1000,459.414211
120.536142,177,460.481967
53.272776,130,460.663806
0.909178,13,460.682234
28.25315,83,460.798315
48.872409,52,460.871243
17.884452,32,460.916088
21.697915,139,461.11031
-5.331123,43,461.170519
-3.474401,30,461.212595
22.154153,66,461.304988
35.374467,209,461.597069
-1.639331,1000,463.004691
27.198344,27,463.042759
28.086637,1000,465.27442
89.204118,207,465.563557
-2.404359,44,465.624968
65.609731,166,465.857676
6.981948,15,465.879029
-8.167219,58,465.960219
4.852346,24,465.993932
33.36266,85,466.112773
-8.975484,108,466.26364
22.41007,127,466.440839
31.438814,138,466.63383
-25.03202,69,466.730048
0.748929,22,466.760951
19.688001,36,466.811395
74.89797,96,466.945527
87.271056,94,467.9152
39.376947,90,468.041443
-2.903669,98,468.178813
27.208015,30,468.220716
31.693992,36,468.271154
75.518073,164,468.500823
16.228683,168,468.735399
34.327833,167,468.968675
-9.799147,1000,470.376526
-8.22298,70,470.474888
0.498338,40,470.53108
43.447903,225,471.66776
64.353089,1000,473.077277
-0.429898,30,473.11958
44.206925,148,473.326568
18.25156,131,473.50985
19.023452,198,473.786097
3.814688,74,473.889472
16.823346,52,473.962443
116.64716,388,475.347203
61.320718,69,475.444159
63.550027,107,475.594126
-47.694974,88,475.717178
45.014464,61,475.802359
15.799863,44,475.863945
23.221114,36,475.914354
37.553127,53,475.98839
26.837181,68,476.083541
80.366217,140,476.279068
55.040887,102,476.421769
-28.271733,1000,477.830741
99.632258,240,479.000885
9.124536,124,479.174139
157.804353,163,479.404216
22.709408,20,479.432371
57.403726,94,479.56395
95.20196,159,479.786579
-7.203093,79,479.896984
35.256258,167,480.131705
26.89767,137,480.324401
20.900885,73,480.426944
-6.834859,282,480.820998
-12.852212,86,480.94156
133.931029,1000,483.228123
79.791324,99,483.368181
23.553374,55,483.44562
29.839995,57,483.526453
9.145394,114,483.687132
-50.430441,178,483.938123
24.287327,42,483.997632
-23.253655,102,484.14179
112.027565,1000,485.558892
20.313254,23,485.591565
37.634483,57,486.526361
54.895722,61,486.612676
-3.974262,220,486.921727
22.467155,52,486.994738
64.60628,106,487.144501
36.508279,79,487.255935
50.116354,207,487.548276
-53.358439,143,487.748994
-0.883602,55,487.826619
17.476299,47,487.892771
34.83824,42,487.951831
89.587208,222,488.263368
18.910005,1000,490.52465
39.162547,407,491.096089
42.677725,195,491.37093
74.295414,245,491.716065
64.471245,80,491.828328
150.841206,337,492.302316
52.185365,60,492.386406
58.36194,92,492.516515
65.88683,49,492.586145
17.368739,78,492.695339
15.897418,86,492.816225
57.848775,241,494.008932
47.040409,113,494.168094
56.990677,307,494.601373
15.817741,35,494.65072
-4.390679,79,494.76159
72.916834,163,494.990705
84.76156,223,495.305464
13.24887,82,495.421158
82.377599,171,495.66266
32.436505,46,495.727475
-32.749452,160,495.952389
2.275524,37,496.00486
11.20241,16,496.027415
72.238231,95,496.161396
124.356672,1000,498.432484
8.155517,27,498.471187
-45.678823,116,498.63536
81.89191,102,498.779226
60.843327,144,498.983047
41.499215,94,499.115702
231.364929,1000,500.527418
35.689886,1000,502.809381
-14.238847,50,502.87987
158.98329,243,503.221033
28.166922,61,503.306848
102.786457,265,503.679328
3.857534,14,503.699063
130.953565,201,503.982021
21.610339,45,504.045526
7.365659,59,504.128347
20.251796,50,504.198447
114.220864,201,505.345837
98.969869,154,505.564775
28.859285,27,505.602881
38.899112,49,505.671823
65.262098,113,505.830867
5.637358,39,505.886254
9.353347,14,505.906029
112.101738,132,506.092565
27.293613,55,506.17018
76.862663,133,506.357698
43.840941,128,506.538236
31.37045,24,506.57277
30.85296,37,506.625048
42.844168,70,506.723279
79.03632,113,506.882268
37.095827,38,506.936194
37.275613,40,506.992314
15.055209,78,507.102055
16.386451,23,507.134846
36.803828,194,507.408813
22.380555,16,507.431332
-34.899758,161,507.659297
1.673948,73,507.761912
34.275202,45,507.825079
62.755183,226,508.988125
95.726693,107,509.13971
45.700219,19,509.166566
55.367823,47,509.23246
24.946478,42,509.291544
-2.195671,72,509.393291
19.926396,44,509.455657
-10.810439,136,509.650048
61.677246,148,509.856408
17.783049,144,510.057879
48.913979,88,510.18106
90.700317,138,510.374006
62.639473,221,510.682789
1.042933,63,510.770898
-4.262659,46,510.835034
-12.76135,122,511.0057
16.261175,44,511.067254
25.533415,105,511.213907
42.490692,43,511.274051
-10.835026,134,511.461155
-2.984444,24,511.494807
17.035393,38,511.548673
14.336098,23,511.580882
62.61346,208,512.70323
22.685431,51,512.775007
-8.432547,14,512.794733
6.617247,24,512.828452
117.777258,196,513.101844
52.440377,101,513.242952
48.499668,32,513.287724
11.34402,74,513.391075
44.09631,71,513.490472
-12.470112,184,513.747416
37.418869,27,513.785336
3.60623,13,513.803699
31.746461,28,513.842828
13.542433,90,513.968184
245.959141,1000,515.375641
144.35261,172,516.438728
29.565581,29,516.479617
33.641022,46,516.544175
63.83525,90,516.670358
85.663023,284,517.068218
3.331689,262,517.43377
-7.080582,24,517.467655
-1.728489,65,517.558253
60.198603,134,517.745044
-7.72094,106,517.892571
32.157253,57,517.972056
30.50925,208,518.26228
10.454493,32,518.307042
-2.767919,35,518.356064
11.759044,32,518.400659
54.614881,98,518.537767
8.520432,81,518.650904
68.385279,103,518.795082
-0.289308,15,518.816127
153.849081,255,519.170761
14.501077,18,520.035376
25.301165,26,520.072344
9.213673,59,520.154845
18.455274,73,520.256543
78.053298,118,520.421629
102.139062,1000,521.831887
9.422139,13,521.850327
74.997328,198,522.127306
31.891743,213,522.424267
90.039616,172,522.664759
60.050541,82,522.779302
61.504664,163,523.830302
1.779818,38,523.883728
13.996949,30,523.925691
74.545822,78,524.035001
177.137126,1000,525.441938
99.398259,175,525.686494
12.504486,22,525.717474
77.309756,128,525.896222
243.673096,303,526.319356
38.25749,38,526.372704
1.108503,16,526.395223
-3.383865,22,526.426191
90.874179,1000,528.66746
-27.378123,132,528.85183
33.802735,68,528.946884
16.569975,48,529.014061
193.681493,294,529.423887
39.193979,78,529.532527
21.181947,57,529.612462
30.778709,29,529.653206
39.916859,54,529.728635
33.835524,219,530.034288
31.399793,74,530.137614
176.576502,226,531.292598
107.901587,127,531.469447
72.69651,136,531.662893
116.357496,137,531.8543
16.993645,72,531.954271
24.049845,227,532.27039
17.99614,16,532.292883
151.933867,184,532.550052
5.996091,15,532.571178
109.87927,166,532.802647
75.591208,71,532.902027
-18.959222,76,533.008192
-3.516329,46,533.072492
20.825893,36,533.122918
32.538823,200,533.401307
28.345438,143,533.600918
48.533025,48,533.667882
31.839362,70,533.765862
46.610745,61,533.851321
21.177213,162,534.910739
188.608272,610,535.761636
35.877957,47,535.827366
-1.090713,23,535.859751
40.212049,172,536.100395
4.046055,15,536.12147
12.72134,20,536.149487
26.166506,163,536.376796
17.080818,24,536.410355
19.25375,65,536.500877
15.921201,89,536.625007
70.369226,263,536.993037
11.564195,28,537.032411
52.830975,56,537.110959
14.725029,134,537.298594
-48.886055,97,537.434488
15.015754,124,537.60848
-12.292621,111,538.600757
22.555662,25,538.635942
31.665566,63,538.725064
64.425989,85,538.843704
157.852137,182,539.097694
1.473323,43,539.157984
36.098693,61,539.243448
81.958501,410,539.816789
107.763457,1000,541.224575
14.293478,65,541.315476
7.188479,25,541.352513
18.182709,405,542.767117
59.407807,1000,544.177461
46.636654,68,544.272904
175.836733,380,544.803171
-9.206129,239,545.136548
62.24931,148,546.163488
3.460123,57,546.244112
40.811908,93,546.374046
171.42711,1000,547.781513
257.109612,370,548.298318
79.276013,121,548.468078
38.518656,65,548.558843
53.801174,114,548.718166
110.043044,266,549.918827
26.454108,120,550.087162
39.556419,74,550.191145
56.508661,100,550.330738
11.255763,54,550.406589
168.486667,1000,551.816323
27.658879,38,551.869834
-3.39159,215,552.170552
33.565449,59,552.253339
23.771177,104,552.398644
34.189972,59,552.481311
54.07612,84,553.444072
10.838522,67,553.538001
14.530094,268,553.913076
65.149664,118,554.078181
16.646413,58,554.160618
21.111735,55,554.238042
95.740936,146,554.44291
65.809123,105,554.590521
10.994089,75,554.695332
90.718963,203,554.981105
6.007947,25,555.016078
8.432704,38,555.069494
45.71719,36,555.119801
66.419411,146,555.324379
44.353766,51,555.39569
211.213446,1000,557.636304
134.443606,140,557.83245
-20.112782,255,558.189464
36.805074,57,558.26966
120.848718,135,558.458236
70.288678,76,558.564637
119.879733,167,558.798048
11.345414,22,558.828851
13.488862,21,558.859443
74.995774,161,559.08497
82.981209,62,559.17165
17.284672,30,559.213581
30.331213,59,559.296353
203.526948,288,559.698817
42.687126,231,560.840569
157.253726,1000,562.254934
12.99622,35,562.304199
20.936189,28,562.343652
-0.403978,108,562.494646
2.040979,64,562.584617
105.068735,75,562.689479
-3.418809,30,562.731342
63.040349,86,562.851361
3.969717,33,562.897765
-1.316629,70,562.995761
32.929094,45,563.058795
11.09678,41,563.116281
238.729859,227,563.433751
79.800692,117,563.597792
35.762504,89,564.565724
55.375715,157,564.784943
49.480913,49,564.853626
32.875112,107,565.00462
16.665016,21,565.034205
40.83609,95,565.168192
58.232344,39,565.222985
224.356066,1000,566.634711
136.56262,239,566.96892
20.153199,349,568.300724
75.821856,275,568.685591
1.54429,131,568.870327
142.539458,140,569.066415
148.82235,239,569.403177
71.898603,110,569.558011
175.653119,1000,570.974728
46.788401,120,571.976624
58.751208,186,572.240131
27.470902,24,572.274111
40.196067,122,572.445229
58.063041,81,572.558899
30.785652,29,572.600363
303.678957,1000,574.012419
256.204301,1000,576.244144
140.987859,311,576.678477
99.939306,124,576.851752
18.213888,214,577.150589
40.790077,126,577.326865
66.838151,153,577.541239
20.010049,45,577.604276
75.50965,120,577.771951
-26.74238,81,577.885521
53.413559,132,578.069439
22.997501,41,578.126659
44.338005,110,578.280865
208.665034,1000,580.508433
142.564186,566,581.299193
33.55821,31,581.342679
113.242339,119,581.508505
25.897974,75,581.613888
39.190263,70,581.711882
21.186237,265,582.080853
160.109734,495,583.611633
3.872974,57,583.691398
11.788318,82,583.806174
26.195646,52,583.878949
268.627375,1000,585.287406
57.285174,198,585.566606
136.169426,159,585.788182
139.369757,211,586.913589
26.375731,79,587.023664
41.376284,36,587.074041
14.967182,64,587.163679
36.424881,83,587.280513
223.406725,395,587.832872
238.866632,864,589.039844
249.833615,268,589.414057
88.782607,117,589.57775
84.963533,144,590.617654
38.52738,53,590.691705
0.229901,50,590.761825
59.690184,110,590.915981
82.830989,240,591.251162
-25.806962,70,591.349018
144.212615,1000,592.755924
19.672376,27,592.793981
274.02858,659,594.536875
-25.451516,411,595.11074
45.109674,43,595.170695
271.764063,1000,596.580077
110.833988,150,596.788825
51.367669,95,596.921318
222.746343,1000,599.164089
42.179901,104,599.309331
63.498865,118,599.4743
23.075599,69,599.570898
244.519031,1000,601.819999
84.215387,82,601.935962
69.905689,237,602.26797
124.670114,206,602.557142
29.929249,118,602.722624
4.371606,23,602.754991
4.892186,18,602.780265
85.431057,127,602.958418
20.215436,66,603.05106
-7.206545,65,603.142203
226.824889,472,603.804809
46.478078,51,603.876323
26.794343,36,603.926822
70.534958,94,604.058637
162.512038,134,604.24628
194.654836,269,605.456158
61.958196,86,605.576528
7.159753,302,605.99897
53.096656,120,606.166993
114.403468,232,606.491326
70.480209,176,606.736845
4.206237,30,606.778941
170.635317,374,607.300308
21.425289,69,607.396843
84.012556,141,607.593449
232.279283,247,607.938294
-10.529201,48,608.005294
154.177202,164,609.061328
21.565334,65,609.152986
62.286643,138,609.346085
150.234464,183,609.604686
21.864179,51,609.676349
67.61713,205,609.963071
20.156381,19,609.989766
45.648895,54,610.065395
7.52145,44,610.127032
276.642313,419,610.713125
7.901725,62,610.799226
264.126124,1000,613.034604
49.711068,308,613.464951
339.488836,374,613.987408
24.738829,183,614.243896
304.486732,726,615.256587
1.375426,110,615.410063
73.408549,84,615.527799
8.842991,45,616.413131
91.945214,139,616.608169
42.458503,167,616.842356
96.458585,179,617.09281
53.784979,89,617.217343
256.316159,520,617.94528
12.855652,19,617.972026
-15.24959,27,618.009786
30.30943,48,618.076485
127.6324,416,618.657678
267.466349,451,620.109052
172.520969,177,620.356741
42.801983,52,620.429578
59.937417,358,620.929584
50.176017,54,621.005085
25.56598,59,621.088787
353.486611,545,621.850522
99.645712,134,622.037848
14.541674,45,622.100621
29.486079,66,622.192958
5.110433,19,622.219507
45.460061,118,622.384228
36.896723,246,622.728704
-0.465248,20,622.756853
29.781579,18,622.782015
66.528662,42,622.840743
144.393121,330,624.125049
76.682036,161,624.349823
48.44691,123,624.52165
41.209878,74,624.625292
40.851261,71,624.724222
52.476764,48,624.791282
-10.716182,147,624.997395
184.08051,396,625.549936
53.954117,93,625.680069
44.525657,181,625.933436
14.555829,30,625.975659
49.866918,88,626.099391
30.066325,37,626.151516
112.159827,179,626.403856
19.030206,77,626.512709
27.120389,46,626.577383
376.091198,1000,628.82485
79.638024,105,628.971607
16.71591,102,629.114752
37.643684,64,629.204263
138.996867,484,629.879033
58.458073,60,629.963448
30.333287,26,629.999821
50.917648,53,630.074196
87.65268,99,630.212958
268.770792,402,631.616979
132.276596,233,631.943334
71.431809,96,632.078227
96.655542,169,632.315396
14.925838,84,632.433793
38.525943,187,632.694988
196.973214,1000,634.933316
53.876861,112,635.090816
275.85552,1000,636.501206
27.892556,172,636.742663
112.07079,169,636.980342
41.02915,99,637.118868
74.387964,118,637.284283
79.701184,116,637.446293
252.992391,396,638.847486
47.115414,140,639.043241
268.836806,1000,640.456234
210.888352,260,640.821404
27.252579,76,640.928193
147.398594,341,641.406595
44.823265,73,642.349773
82.167638,225,642.6671
-23.098457,90,642.792554
224.40233,371,643.310455
112.245571,279,643.699572
25.012478,28,643.738788
101.526049,129,643.9192
51.532468,86,644.039743
629.296947,1000,646.274675
32.384207,58,646.356235
25.190108,23,646.38842
163.063945,307,646.816519
33.840449,55,646.893438
94.052038,160,647.116172
250.108926,620,647.980668
235.052957,410,648.55172
16.718987,31,648.594976
286.168386,1000,650.813403
40.851053,138,651.006147
129.321326,268,651.379841
255.62734,350,651.870118
29.043015,41,651.927659
49.657008,182,652.182114
46.492924,175,652.425351
28.509594,169,653.484016
40.185496,145,653.687372
72.948363,210,653.981216
47.624788,69,654.077591
113.066176,222,654.387374
99.608836,130,654.568965
186.751587,254,654.923927
93.897816,127,655.101189
74.943696,202,655.383362
61.334451,75,655.488342
59.914365,219,655.793748
80.410137,78,655.902523
21.973494,75,656.007279
330.764735,428,657.43878
68.273122,86,657.56179
39.508209,60,657.645632
106.486003,104,657.790446
289.59259,1000,659.199554
40.568141,56,659.27826
213.692617,462,659.926236
50.327649,41,660.812361
267.08277,1000,662.212915
217.899213,452,662.845695
269.545306,562,663.628521
29.799881,42,664.51834
38.795245,53,664.59296
30.580289,37,664.646206
120.0179,276,665.032324
55.530937,67,665.126515
75.711982,265,665.496433
333.366346,1000,666.905015
83.153785,261,667.268989
91.47012,165,668.336955
115.033528,218,668.643797
152.204256,263,669.011311
150.622136,335,669.478969
331.195912,1000,670.882901
359.272872,1000,673.114264
123.261574,169,673.350024
40.134106,100,673.489542
31.099717,178,673.737816
79.428165,183,673.993367
270.041032,527,674.728718
162.727192,619,676.41328
572.287286,1000,677.81405
58.712811,112,677.971783
102.692415,490,679.494928
38.40447,178,679.74361
414.940196,1000,681.156759
140.647366,282,681.554357
286.761258,1000,683.809429
198.383183,403,684.373415
70.715539,58,684.454488
149.248874,513,685.172
75.784505,193,685.441036
80.765657,104,685.586047
123.631303,136,685.775921
59.90585,117,686.773677
349.989358,1000,688.179426
358.597094,1000,689.586774
9.78569,15,690.435429
261.4017,417,691.019006
38.788585,73,691.121891
466.287389,495,691.812968
42.74243,46,691.87735
28.471896,51,691.948728
75.124114,116,692.111139
57.361814,148,692.318992
173.94903,557,693.096302
14.081095,85,693.215035
3.684667,40,693.270954
22.206775,31,694.143849
761.691836,1000,695.544057
135.920651,207,695.834376
77.256635,112,695.990989
84.254641,146,696.19554
72.555307,88,696.31919
149.626411,362,696.825098
62.0941,187,697.911415
158.33509,259,698.273173
63.532267,225,698.587699
345.562405,1000,699.995821
639.642636,1000,702.212334
82.680537,73,702.314739
341.24603,1000,703.722575
90.971849,166,703.954275
736.122776,947,706.116191
430.156649,1000,707.524023
342.840844,1000,709.760114
354.927231,1000,711.153701
292.317847,380,711.684645
224.125117,471,713.165906
333.371983,489,713.849066
247.456629,492,714.537393
10.436166,426,715.132741
102.484888,599,716.791023
453.698841,1000,718.191838
410.425022,600,719.032506
100.658465,76,719.138945
225.584623,519,720.70272
74.757831,224,721.017319
165.374526,212,721.313048
76.595375,98,721.450171
43.125984,84,721.571499
270.784932,423,722.166997
103.506942,222,722.481644
436.243284,609,724.179998
116.950734,373,724.699501
55.192268,118,724.864808
86.839369,355,725.36019
264.373771,468,726.014067
182.002591,238,726.347726
166.730774,173,727.429204
151.06542,213,727.727898
427.639309,1000,729.136597
376.886861,550,729.909159
650.675122,1000,732.152232
65.325735,107,732.303861
163.783061,242,732.643079
196.296862,377,733.17672
390.407821,430,733.780569
664.964341,1000,736.018198
375.619898,423,736.609338
153.963637,300,737.02877
177.95212,285,737.426348
294.614041,1000,739.661975
143.870671,253,740.015035
70.924223,96,740.149351
81.483235,191,740.416065
242.037804,444,741.037023
124.019508,154,741.252713
7.235848,25,741.287802
123.880955,213,742.41749
235.727117,1000,743.823507
439.155476,738,744.854967
48.42069,101,744.995948
46.942792,74,745.09895
22.648623,117,746.085711
18.956571,36,746.136034
492.086912,1000,747.533422
265.368523,330,747.995207
271.712073,607,749.683413
404.539541,1000,751.093611
132.100587,1000,752.491879
265.725405,635,754.218615
49.420583,45,754.281421
200.842938,261,754.65034
102.651356,224,754.963744
9.144488,61,755.049301
198.37448,350,755.540323
357.653482,804,757.492006
178.362998,356,757.995508
185.641853,254,758.35219
411.777417,490,759.041511
123.011669,192,759.311152
543.723084,1000,761.535719
147.459683,199,761.814422
455.880052,1000,763.217454
126.880842,206,763.508871
58.900027,310,764.778903
414.253642,1000,766.186643
10.444612,28,766.226003
542.676029,1000,768.460869
379.627477,1000,769.861399
67.965103,98,769.999057
335.290191,600,770.837069
290.833368,386,772.206158
64.654576,69,772.302905
612.533815,1000,773.701333
248.163193,533,774.446653
23.986781,85,774.566084
58.711748,75,774.671
471.44391,721,776.498945
45.230197,79,776.609697
22.120228,29,776.65077
34.164273,100,776.790691
101.731438,137,776.981807
114.273013,314,777.424956
285.45355,466,778.081189
170.35772,251,778.432703
210.182375,587,780.096793
397.121621,737,781.125569
320.846706,440,781.750063
307.251383,1000,783.984476
38.848205,150,784.195658
77.079192,100,784.334705
636.679027,916,785.611372
27.707613,144,785.812813
211.038839,286,787.03967
46.437646,67,787.133436
623.236015,1000,788.533322
460.464494,1000,790.780738
135.293943,163,791.007879
41.360679,157,791.226326
93.195532,115,791.386898
77.651836,77,791.494199
228.111655,273,791.875198
214.55815,661,792.796574
57.43779,64,792.88631
423.0465,1000,795.130235
31.201637,39,795.184765
48.116896,134,795.372056
203.577944,400,795.929608
533.614222,1000,798.162457
216.766258,278,798.550826
29.945499,55,798.627539
192.342579,238,798.960139
688.129193,1000,800.360171
517.657718,840,802.356024
369.71771,1000,803.765602
113.430354,146,803.970239
313.345295,403,805.360288
54.365032,69,805.456702
307.812278,474,806.119486
599.298573,1000,807.521827
13.862647,46,807.586676
157.948735,397,808.986128
24.31919,33,809.032463
278.358658,1000,810.432137
751.421269,1000,812.664447
195.627498,530,813.403215
39.582617,54,813.478771
8.70231,50,813.549089
44.003072,45,813.611772
512.55234,574,814.41304
334.888194,571,815.208744
151.87514,176,816.285805
175.458462,292,816.694876
241.558767,1000,818.095628
395.447272,1000,820.327568
434.756111,1000,821.733574
465.929114,1000,823.959504
458.370129,657,824.877053
164.639615,129,825.057118
160.738465,261,825.421817
363.409796,1000,827.665384
58.787673,79,827.776398
203.074719,440,828.391381
309.640309,565,829.180955
374.017563,757,830.23828
159.109067,431,831.676459
116.866137,406,832.244717
88.685797,110,832.398221
94.257472,236,832.728189
88.862112,97,832.864275
80.039411,96,832.999084
12.268059,13,833.017323
333.299843,643,833.916073
138.470369,171,834.986603
502.752895,1000,836.386868
277.52568,1000,838.635983
133.240869,209,838.929696
358.703568,1000,840.326529
72.403357,172,840.566329
-7.851682,89,840.690412
69.73186,107,840.839839
84.183566,650,842.597651
257.531525,521,843.324723
118.945466,224,843.637708
18.942634,35,843.687052
211.038179,753,844.739491
388.732791,1000,846.955028
140.908305,291,847.36124
460.478429,884,848.594058
82.011815,75,848.698754
219.29249,548,850.304317
446.160974,1000,851.712423
381.06571,1000,853.946938
509.559351,1000,855.346224
546.23123,1000,857.568654
51.742384,64,857.658872
526.03616,1000,859.055187
259.539455,282,859.44869
130.611999,146,859.652129
72.212195,150,860.693828
448.055977,701,861.677054
119.825073,114,861.836509
359.091687,1000,863.244138
225.992307,311,864.509572
194.580656,244,864.851216
194.082819,267,865.225056
136.905982,224,865.537779
478.178997,692,866.504688
324.63289,675,868.274464
303.610758,1000,869.675894
605.578067,1000,871.908289
37.19584,137,872.100077
274.169371,280,872.491758
676.62242,1000,873.889288
380.045455,1000,876.119462
419.391352,1000,877.533605
595.422589,865,879.590859
445.625436,1000,880.997429
545.728114,916,883.11649
554.371437,950,884.446045
142.744667,239,884.781251
49.112595,216,885.086129
799.148936,1000,887.306468
338.353603,769,888.383213
141.102837,172,888.62532
166.071322,260,888.991148
483.81012,1000,891.221549
388.973833,1000,892.621686
411.074231,1000,894.857714
646.494103,1000,896.258372
201.476382,222,896.567846
429.117056,623,898.272344
680.917443,1000,899.676375
53.394193,62,899.763416
118.189888,213,900.064499
556.789019,1000,902.299889
363.7603,1000,903.700399
87.873513,236,904.031274
477.96317,1000,906.260482
8.005305,30,906.302799
73.334735,139,906.496526
157.966177,469,907.15119
580.645822,1000,910.063326
779.046672,1000,911.322062
837.976557,1000,912.580658
551.575669,643,913.388402
827.962198,1000,914.645778
134.486717,117,914.791839
470.585731,1000,916.054774
52.094098,46,916.111947
688.187867,1000,917.36899
769.89058,1000,918.623333
313.862597,349,919.059486
477.481004,1000,920.316794
1043.639608,1000,921.566589
900.869476,1000,922.825162
93.608251,123,922.979514
410.274816,435,923.523383
370.656667,446,924.081137
981.171145,1000,925.329661
521.557853,1000,926.611615
630.689937,831,927.654911
661.738003,1000,928.911471
384.065953,664,929.743464
906.270408,920,930.893822
587.268757,1000,932.157952
690.715245,1000,933.411214
211.133959,244,933.717551
485.700646,574,934.439666
961.393822,1000,935.694479
151.784468,165,935.90109
772.925025,1000,937.154797
134.319172,146,937.337317
436.961338,874,938.431379
810.78725,1000,939.691924
584.254299,888,940.807249
632.260476,1000,942.066947
353.838899,458,942.640439
711.399104,1000,943.893378
924.087146,1000,945.149706
678.497328,1000,946.407541
84.925008,143,946.587576
484.455653,838,947.639618
181.917884,422,948.170353
453.964942,1000,949.423001
660.043455,1000,950.687041
848.4818,1000,951.944987
368.082822,427,952.480589
523.2749,1000,953.737272
504.642999,1000,954.992967
122.540362,107,955.126855
373.437381,424,955.658686
